credit_id,value_date,utr,amount,raw_narration
BC-BATCH0001,2025-04-24,UTR123076889,14349.37,RAZORPAY SETTLEMENT BATCH0001
BC-BATCH0002,2025-02-26,UTR803160442,30425.11,RAZORPAY SETTLEMENT BATCH0002 DELAYED
BC-BATCH0003,2025-02-11,UTR969180872,40956.38,RAZORPAY SETT BATCH0003 PARTIAL
BC-BATCH0004,2025-07-09,UTR240439719,10778.670000000002,RAZORPAY SETTLEMENT BATCH0004
BC-BATCH0005,2025-01-31,UTR561215232,37563.33,RAZORPAY SETTLEMENT BATCH0005
BC-ORPHAN-BATCH0005,2025-02-01,UTR783053289,1978.2,UNKNOWN CREDIT
BC-BATCH0006,2025-03-03,UTR451844369,25650.829999999998,RAZORPAY SETTLEMENT BATCH0006 DELAYED
BC-BATCH0007,2025-01-10,UTR880930867,77569.68000000001,RAZORPAY SETTLEMENT BATCH0007 DELAYED
BC-BATCH0008,2025-01-03,UTR501865156,137023.31,RAZORPAY SETTLEMENT BATCH0008
BC-BATCH0009,2025-02-28,UTR664225204,78287.25,RAZORPAY SETT BATCH0009 PARTIAL
BC-BATCH0010,2025-02-04,UTR530512565,48345.59,RAZORPAY SETTLEMENT BATCH0010
BC-BATCH0011,2025-01-19,UTR351668540,23442.85,RAZORPAY SETTLEMENT BATCH0011
BC-BATCH0012,2025-02-04,UTR268802235,35426.42,RAZORPAY SETT BATCH0012 PARTIAL
BC-BATCH0013,2025-01-10,UTR577283948,75071.67000000001,RAZORPAY SETTLEMENT BATCH0013
BC-ORPHAN-BATCH0013,2025-01-11,UTR657079511,2406.3,UNKNOWN CREDIT
BC-BATCH0014,2025-03-28,UTR584419915,63267.31,RAZORPAY SETTLEMENT BATCH0014
BC-ORPHAN-BATCH0014,2025-03-29,UTR602029048,2730.02,UNKNOWN CREDIT
BC-BATCH0015,2025-01-31,UTR292807232,57576.64,RAZORPAY SETTLEMENT BATCH0015
BC-BATCH0016,2025-04-17,UTR416236101,25794.74,RAZORPAY SETT BATCH0016 PARTIAL
BC-BATCH0017,2025-02-09,UTR227332770,54105.89,RAZORPAY SETT BATCH0017 NET OF REFUND
BC-BATCH0018,2025-03-13,UTR425038380,32004.949999999997,RAZORPAY SETTLEMENT BATCH0018
BC-BATCH0019,2025-01-09,UTR380392053,67724.72,RAZORPAY SETTLEMENT BATCH0019 DELAYED
BC-BATCH0020,2025-01-23,UTR913688073,55158.61,RAZORPAY SETTLEMENT BATCH0020
BC-BATCH0021,2025-04-03,UTR344360546,78204.15,RAZORPAY SETT BATCH0021 PARTIAL
BC-BATCH0022,2025-04-25,UTR465780431,22447.78,RAZORPAY SETT BATCH0022 NET OF REFUND
BC-BATCH0023-A,2025-01-17,UTR583153682,61142.159999999996,RAZORPAY SETTLEMENT BATCH0023
BC-BATCH0023-B,2025-01-17,UTR583153682,61142.159999999996,RAZORPAY SETTLEMENT BATCH0023 DUPLICATE
BC-BATCH0024,2025-05-15,UTR892212155,66255.17,RAZORPAY SETTLEMENT BATCH0024 DELAYED
BC-BATCH0025-A,2025-01-04,UTR836332204,25119.78,RAZORPAY SETTLEMENT BATCH0025
BC-BATCH0025-B,2025-01-04,UTR836332204,25119.78,RAZORPAY SETTLEMENT BATCH0025 DUPLICATE
BC-BATCH0026,2025-03-30,UTR943271530,40447.70999999999,RAZORPAY SETTLEMENT BATCH0026
BC-BATCH0027,2025-01-04,UTR319263036,53735.81,RAZORPAY SETT BATCH0027 PARTIAL
BC-BATCH0028,2025-03-12,UTR453090727,59409.2,RAZORPAY SETTLEMENT BATCH0028
BC-BATCH0029,2025-02-17,UTR824652824,39269.35,RAZORPAY SETTLEMENT BATCH0029 DELAYED
BC-BATCH0030,2025-02-03,UTR174615426,16324.73,RAZORPAY SETTLEMENT BATCH0030
BC-BATCH0031,2025-03-29,UTR175139840,47948.18,RAZORPAY SETT BATCH0031 NET OF REFUND
BC-BATCH0032,2025-04-07,UTR519946090,27439.29,RAZORPAY SETTLEMENT BATCH0032
BC-BATCH0033,2025-01-12,UTR173833701,5772.83,RAZORPAY SETTLEMENT BATCH0033
BC-BATCH0034,2025-03-03,UTR978209248,34212.76,RAZORPAY SETTLEMENT BATCH0034
BC-BATCH0035,2025-02-10,UTR639528440,31712.11,RAZORPAY SETTLEMENT BATCH0035
BC-BATCH0036,2025-03-23,UTR578600641,43751.53,RAZORPAY SETT BATCH0036 PARTIAL
BC-BATCH0037,2025-02-16,UTR594140885,18267.51,RAZORPAY SETTLEMENT BATCH0037
BC-BATCH0038,2025-04-26,UTR472354161,56325.77,RAZORPAY SETT BATCH0038 PARTIAL
BC-BATCH0039,2025-04-11,UTR367506478,12322.17,RAZORPAY SETTLEMENT BATCH0039
BC-BATCH0040,2025-04-12,UTR850032322,16757.969999999998,RAZORPAY SETTLEMENT BATCH0040
BC-BATCH0041,2025-01-30,UTR393965039,40142.74,RAZORPAY SETTLEMENT BATCH0041
BC-BATCH0042,2025-06-07,UTR541606556,68627.13,RAZORPAY SETTLEMENT BATCH0042
BC-BATCH0043,2025-01-04,UTR923065067,23924.52,RAZORPAY SETTLEMENT BATCH0043
BC-BATCH0044,2025-02-08,UTR643382699,33607.97,RAZORPAY SETTLEMENT BATCH0044
BC-BATCH0045,2025-05-05,UTR468999657,68393.87,RAZORPAY SETTLEMENT BATCH0045 DELAYED
BC-BATCH0046,2025-04-02,UTR861389900,53639.04,RAZORPAY SETTLEMENT BATCH0046
BC-BATCH0047,2025-03-03,UTR188635913,67663.23000000001,RAZORPAY SETTLEMENT BATCH0047
BC-BATCH0048,2025-01-17,UTR273265999,71662.91,RAZORPAY SETTLEMENT BATCH0048
BC-BATCH0049,2025-01-10,UTR674080176,53039.43,RAZORPAY SETTLEMENT BATCH0049
BC-BATCH0050,2025-02-11,UTR264815590,45039.92,RAZORPAY SETTLEMENT BATCH0050 DELAYED
BC-BATCH0051,2025-01-25,UTR848121420,42561.74,RAZORPAY SETTLEMENT BATCH0051
BC-BATCH0052,2025-01-10,UTR156280451,69407.51999999999,RAZORPAY SETTLEMENT BATCH0052
BC-BATCH0053,2025-05-18,UTR502271684,63212.89,RAZORPAY SETTLEMENT BATCH0053
BC-BATCH0054,2025-02-11,UTR115633640,117953.14999999998,RAZORPAY SETTLEMENT BATCH0054 DELAYED
BC-BATCH0055,2025-03-31,UTR147258075,25543.7,RAZORPAY SETTLEMENT BATCH0055
BC-BATCH0056,2025-02-25,UTR773006812,71750.06,RAZORPAY SETTLEMENT BATCH0056
BC-ORPHAN-BATCH0056,2025-02-26,UTR303525112,3498.69,UNKNOWN CREDIT
BC-BATCH0057,2025-01-14,UTR213693493,64905.65,RAZORPAY SETT BATCH0057 NET OF REFUND
BC-BATCH0058,2025-02-22,UTR328457837,43841.9,RAZORPAY SETTLEMENT BATCH0058
BC-BATCH0059,2025-02-13,UTR172296393,62203.81999999999,RAZORPAY SETTLEMENT BATCH0059 DELAYED
BC-BATCH0060,2025-01-10,UTR201731201,21381.43,RAZORPAY SETTLEMENT BATCH0060
BC-BATCH0061,2025-01-15,UTR782205574,28848.17,RAZORPAY SETT BATCH0061 PARTIAL
BC-BATCH0062,2025-03-23,UTR753407677,58542.90000000001,RAZORPAY SETTLEMENT BATCH0062
BC-ORPHAN-BATCH0062,2025-03-24,UTR728178604,2795.65,UNKNOWN CREDIT
BC-BATCH0063,2025-02-03,UTR914906726,54064.29,RAZORPAY SETTLEMENT BATCH0063
BC-BATCH0064,2025-05-02,UTR185243980,27772.7,RAZORPAY SETT BATCH0064 NET OF REFUND
BC-BATCH0065,2025-03-12,UTR319457073,45230.97,RAZORPAY SETTLEMENT BATCH0065
BC-BATCH0066,2025-01-18,UTR244168106,32116.05,RAZORPAY SETTLEMENT BATCH0066
BC-BATCH0067,2025-02-13,UTR905897904,31534.020000000004,RAZORPAY SETTLEMENT BATCH0067
BC-BATCH0068,2025-03-03,UTR679081585,88634.6,RAZORPAY SETTLEMENT BATCH0068
BC-BATCH0069,2025-02-19,UTR445355094,82473.07,RAZORPAY SETTLEMENT BATCH0069
BC-BATCH0070,2025-01-29,UTR155949312,87496.33,RAZORPAY SETTLEMENT BATCH0070
BC-BATCH0071,2025-01-22,UTR736332312,42336.130000000005,RAZORPAY SETTLEMENT BATCH0071 DELAYED
BC-BATCH0072,2025-02-15,UTR276264180,59424.8,RAZORPAY SETTLEMENT BATCH0072
BC-BATCH0073,2025-05-28,UTR367328888,42884.49,RAZORPAY SETT BATCH0073 PARTIAL
BC-BATCH0074,2025-03-05,UTR185916488,27863.95,RAZORPAY SETTLEMENT BATCH0074
BC-BATCH0075,2025-01-24,UTR553867727,56323.43000000001,RAZORPAY SETTLEMENT BATCH0075
BC-BATCH0076,2025-02-17,UTR918115357,48663.96,RAZORPAY SETT BATCH0076 PARTIAL
BC-BATCH0077,2025-03-18,UTR880232602,102805.34999999999,RAZORPAY SETTLEMENT BATCH0077
BC-BATCH0078,2025-02-06,UTR404111334,19042.149999999998,RAZORPAY SETTLEMENT BATCH0078 DELAYED
BC-BATCH0079,2025-01-29,UTR867578697,45616.090000000004,RAZORPAY SETTLEMENT BATCH0079 DELAYED
BC-BATCH0080,2025-02-15,UTR884227355,56015.24,RAZORPAY SETTLEMENT BATCH0080
BC-BATCH0081,2025-02-20,UTR896924722,79741.33,RAZORPAY SETTLEMENT BATCH0081
BC-ORPHAN-BATCH0081,2025-02-21,UTR500661283,2536.15,UNKNOWN CREDIT
BC-BATCH0082-A,2025-02-15,UTR513203779,39937.840000000004,RAZORPAY SETTLEMENT BATCH0082
BC-BATCH0082-B,2025-02-15,UTR513203779,39937.840000000004,RAZORPAY SETTLEMENT BATCH0082 DUPLICATE
BC-BATCH0083,2025-01-22,UTR647187810,88868.29,RAZORPAY SETTLEMENT BATCH0083
BC-BATCH0084,2025-03-30,UTR889913429,67471.86,RAZORPAY SETTLEMENT BATCH0084 DELAYED
BC-BATCH0085,2025-04-15,UTR380601699,70580.25000000001,RAZORPAY SETTLEMENT BATCH0085
BC-BATCH0086,2025-01-16,UTR720989768,53746.29,RAZORPAY SETT BATCH0086 PARTIAL
BC-BATCH0087,2025-02-13,UTR526991604,30159.67,RAZORPAY SETT BATCH0087 PARTIAL
BC-BATCH0088,2025-02-09,UTR278051737,31727.850000000002,RAZORPAY SETTLEMENT BATCH0088 DELAYED
BC-BATCH0089,2025-02-16,UTR907950191,25377.96,RAZORPAY SETT BATCH0089 PARTIAL
BC-BATCH0090,2025-02-06,UTR388859459,16911.37,RAZORPAY SETT BATCH0090 PARTIAL
BC-BATCH0091,2025-04-15,UTR976591420,35157.88,RAZORPAY SETTLEMENT BATCH0091
BC-BATCH0092,2025-02-01,UTR547581039,50675.55,RAZORPAY SETTLEMENT BATCH0092 DELAYED
BC-BATCH0093,2025-02-12,UTR855964923,18089.489999999998,RAZORPAY SETTLEMENT BATCH0093
BC-BATCH0094,2025-01-19,UTR708910536,75718.52,RAZORPAY SETT BATCH0094 PARTIAL
BC-BATCH0095,2025-02-11,UTR378476998,24719.94,RAZORPAY SETTLEMENT BATCH0095
BC-BATCH0096,2025-02-09,UTR192027258,101290.21,RAZORPAY SETT BATCH0096 PARTIAL
BC-BATCH0097-A,2025-03-16,UTR728833035,28618.58,RAZORPAY SETTLEMENT BATCH0097
BC-BATCH0097-B,2025-03-16,UTR728833035,28618.58,RAZORPAY SETTLEMENT BATCH0097 DUPLICATE
BC-BATCH0098,2025-02-06,UTR385702028,19613.59,RAZORPAY SETTLEMENT BATCH0098
BC-BATCH0099,2025-02-01,UTR950174327,34403.549999999996,RAZORPAY SETTLEMENT BATCH0099
BC-BATCH0100,2025-05-11,UTR561122319,47247.630000000005,RAZORPAY SETTLEMENT BATCH0100
BC-BATCH0101,2025-01-23,UTR814122368,81590.44,RAZORPAY SETTLEMENT BATCH0101 DELAYED
BC-BATCH0102,2025-03-17,UTR103312131,41004.1,RAZORPAY SETT BATCH0102 PARTIAL
BC-BATCH0103,2025-03-25,UTR850829666,53242.71,RAZORPAY SETTLEMENT BATCH0103
BC-BATCH0104,2025-02-27,UTR543591301,29795.309999999998,RAZORPAY SETTLEMENT BATCH0104
BC-BATCH0105,2025-02-22,UTR149128285,29742.84,RAZORPAY SETTLEMENT BATCH0105
BC-BATCH0106,2025-03-18,UTR893714928,44366.53,RAZORPAY SETTLEMENT BATCH0106
BC-BATCH0107,2025-06-10,UTR888424722,69355.51,RAZORPAY SETTLEMENT BATCH0107 DELAYED
BC-BATCH0108,2025-05-18,UTR634642954,80430.61,RAZORPAY SETTLEMENT BATCH0108
BC-BATCH0109,2025-02-09,UTR617724535,41704.229999999996,RAZORPAY SETTLEMENT BATCH0109 DELAYED
BC-BATCH0110,2025-05-25,UTR566963239,32194.98,RAZORPAY SETT BATCH0110 NET OF REFUND
BC-BATCH0111-A,2025-05-23,UTR872208263,81072.04000000001,RAZORPAY SETTLEMENT BATCH0111
BC-BATCH0111-B,2025-05-23,UTR872208263,81072.04000000001,RAZORPAY SETTLEMENT BATCH0111 DUPLICATE
BC-BATCH0112,2025-02-12,UTR457342476,9903.41,RAZORPAY SETTLEMENT BATCH0112
BC-BATCH0113-A,2025-02-23,UTR802140873,70163.78,RAZORPAY SETTLEMENT BATCH0113
BC-BATCH0113-B,2025-02-23,UTR802140873,70163.78,RAZORPAY SETTLEMENT BATCH0113 DUPLICATE
BC-BATCH0114,2025-01-23,UTR224221153,50217.58,RAZORPAY SETTLEMENT BATCH0114
BC-BATCH0115,2025-03-11,UTR302031360,58832.71000000001,RAZORPAY SETTLEMENT BATCH0115
BC-BATCH0116,2025-01-10,UTR719459743,39901.15,RAZORPAY SETTLEMENT BATCH0116
BC-BATCH0117,2025-05-16,UTR443214044,59662.28,RAZORPAY SETTLEMENT BATCH0117
BC-BATCH0118,2025-03-12,UTR677987641,56014.85,RAZORPAY SETTLEMENT BATCH0118
BC-BATCH0119,2025-03-03,UTR830123959,22260.28,RAZORPAY SETT BATCH0119 NET OF REFUND
BC-BATCH0120,2025-01-31,UTR639424260,36671.590000000004,RAZORPAY SETTLEMENT BATCH0120
BC-BATCH0121,2025-02-02,UTR631529611,84801.63,RAZORPAY SETTLEMENT BATCH0121
BC-BATCH0122,2025-04-27,UTR886685642,51189.259999999995,RAZORPAY SETTLEMENT BATCH0122
BC-ORPHAN-BATCH0122,2025-04-28,UTR970180403,1900.29,UNKNOWN CREDIT
BC-BATCH0123,2025-01-10,UTR975112646,56680.79,RAZORPAY SETTLEMENT BATCH0123
BC-BATCH0124,2025-01-25,UTR553588778,34553.16,RAZORPAY SETT BATCH0124 NET OF REFUND
BC-BATCH0125,2025-01-28,UTR847728374,127748.68000000002,RAZORPAY SETTLEMENT BATCH0125
BC-BATCH0126,2025-02-01,UTR907739980,30498.050000000003,RAZORPAY SETTLEMENT BATCH0126
BC-BATCH0127,2025-04-14,UTR247704952,45727.57,RAZORPAY SETTLEMENT BATCH0127 DELAYED
BC-BATCH0128,2025-03-05,UTR963673300,64516.42,RAZORPAY SETTLEMENT BATCH0128
BC-BATCH0129,2025-04-17,UTR504323699,46677.45,RAZORPAY SETTLEMENT BATCH0129
BC-BATCH0130,2025-01-11,UTR292879335,53111.1,RAZORPAY SETT BATCH0130 PARTIAL
BC-BATCH0131,2025-01-06,UTR773206644,76294.84,RAZORPAY SETTLEMENT BATCH0131
BC-ORPHAN-BATCH0131,2025-01-07,UTR875832605,2615.98,UNKNOWN CREDIT
BC-BATCH0132,2025-04-24,UTR838717308,25083.649999999998,RAZORPAY SETTLEMENT BATCH0132
BC-BATCH0133,2025-03-20,UTR395510969,22099.74,RAZORPAY SETT BATCH0133 NET OF REFUND
BC-BATCH0134,2025-01-24,UTR231051868,29235.720000000005,RAZORPAY SETTLEMENT BATCH0134 DELAYED
BC-BATCH0135,2025-02-11,UTR844882463,38195.130000000005,RAZORPAY SETTLEMENT BATCH0135
BC-BATCH0136,2025-03-17,UTR420365200,43089.24,RAZORPAY SETT BATCH0136 NET OF REFUND
BC-BATCH0137-A,2025-01-18,UTR972810297,23033.940000000002,RAZORPAY SETTLEMENT BATCH0137
BC-BATCH0137-B,2025-01-18,UTR972810297,23033.940000000002,RAZORPAY SETTLEMENT BATCH0137 DUPLICATE
BC-BATCH0138,2025-02-14,UTR657165824,23214.26,RAZORPAY SETT BATCH0138 NET OF REFUND
BC-BATCH0139,2025-02-19,UTR846482380,24799.089999999997,RAZORPAY SETTLEMENT BATCH0139
BC-BATCH0140,2025-02-11,UTR717488556,15680.74,RAZORPAY SETTLEMENT BATCH0140
BC-BATCH0141,2025-06-16,UTR190849645,49533.75,RAZORPAY SETTLEMENT BATCH0141
BC-BATCH0142,2025-04-17,UTR806693247,56657.10999999999,RAZORPAY SETTLEMENT BATCH0142 DELAYED
BC-BATCH0143,2025-06-01,UTR577729523,49109.759999999995,RAZORPAY SETTLEMENT BATCH0143
BC-BATCH0144,2025-05-10,UTR677898037,40974.26,RAZORPAY SETT BATCH0144 NET OF REFUND
BC-BATCH0145,2025-01-08,UTR252114137,59489.579999999994,RAZORPAY SETTLEMENT BATCH0145
BC-ORPHAN-BATCH0145,2025-01-09,UTR421810334,4424.34,UNKNOWN CREDIT
BC-BATCH0146,2025-03-03,UTR237967359,77807.83,RAZORPAY SETTLEMENT BATCH0146
BC-BATCH0147,2025-02-22,UTR509935637,25692.07,RAZORPAY SETT BATCH0147 PARTIAL
BC-BATCH0148,2025-01-16,UTR826413906,49732.86,RAZORPAY SETTLEMENT BATCH0148
BC-BATCH0149,2025-02-25,UTR867129446,36668.9,RAZORPAY SETT BATCH0149 PARTIAL
BC-BATCH0150,2025-03-09,UTR945876699,38367.53,RAZORPAY SETTLEMENT BATCH0150 DELAYED
BC-BATCH0151,2025-01-07,UTR670661751,72132.6,RAZORPAY SETTLEMENT BATCH0151
BC-BATCH0152,2025-02-18,UTR489574448,41342.82000000001,RAZORPAY SETTLEMENT BATCH0152 DELAYED
BC-BATCH0153,2025-02-24,UTR504968149,38589.83,RAZORPAY SETT BATCH0153 NET OF REFUND
BC-BATCH0154,2025-02-17,UTR882035603,40747.05,RAZORPAY SETT BATCH0154 PARTIAL
BC-BATCH0155,2025-02-20,UTR402791679,55736.51,RAZORPAY SETT BATCH0155 NET OF REFUND
BC-BATCH0156,2025-05-10,UTR293995605,47792.24,RAZORPAY SETT BATCH0156 PARTIAL
BC-BATCH0157,2025-02-20,UTR837293786,27486.359999999997,RAZORPAY SETTLEMENT BATCH0157
BC-BATCH0158,2025-03-11,UTR889653765,66128.63,RAZORPAY SETTLEMENT BATCH0158 DELAYED
BC-BATCH0159,2025-02-15,UTR296606987,51776.25,RAZORPAY SETT BATCH0159 PARTIAL
BC-BATCH0160,2025-02-18,UTR559309261,27743.87,RAZORPAY SETTLEMENT BATCH0160
BC-BATCH0161,2025-02-11,UTR927402258,14469.61,RAZORPAY SETTLEMENT BATCH0161 DELAYED
BC-BATCH0162,2025-03-08,UTR717741601,18715.730000000003,RAZORPAY SETTLEMENT BATCH0162
BC-BATCH0163,2025-02-06,UTR555248944,38289.24,RAZORPAY SETTLEMENT BATCH0163 DELAYED
BC-BATCH0164,2025-01-09,UTR114925291,98195.2,RAZORPAY SETTLEMENT BATCH0164
BC-BATCH0165,2025-02-18,UTR893477119,28831.86,RAZORPAY SETTLEMENT BATCH0165 DELAYED
BC-BATCH0166,2025-01-31,UTR824262657,29371.83,RAZORPAY SETTLEMENT BATCH0166
BC-ORPHAN-BATCH0166,2025-02-01,UTR920027849,3094.07,UNKNOWN CREDIT
BC-BATCH0167,2025-01-18,UTR479343890,10979.68,RAZORPAY SETT BATCH0167 NET OF REFUND
BC-BATCH0168,2025-02-24,UTR462880277,30168.89,RAZORPAY SETTLEMENT BATCH0168
BC-BATCH0169,2025-01-21,UTR415191584,42551.52,RAZORPAY SETT BATCH0169 PARTIAL
BC-BATCH0170,2025-01-07,UTR427297760,83254.83,RAZORPAY SETT BATCH0170 PARTIAL
BC-BATCH0171,2025-01-15,UTR481977286,42417.87,RAZORPAY SETTLEMENT BATCH0171
BC-BATCH0172,2025-01-03,UTR215066535,62534.310000000005,RAZORPAY SETTLEMENT BATCH0172
BC-BATCH0173,2025-02-15,UTR208810611,33720.54,RAZORPAY SETT BATCH0173 PARTIAL
BC-BATCH0174,2025-02-14,UTR232975024,21692.379999999997,RAZORPAY SETTLEMENT BATCH0174 DELAYED
BC-BATCH0175,2025-01-18,UTR501911728,70334.81,RAZORPAY SETTLEMENT BATCH0175
BC-BATCH0176,2025-02-15,UTR570913175,17070.02,RAZORPAY SETT BATCH0176 NET OF REFUND
BC-BATCH0177,2025-01-29,UTR485727515,12483.460000000001,RAZORPAY SETTLEMENT BATCH0177
BC-BATCH0178,2025-03-20,UTR243538161,13748.679999999998,RAZORPAY SETTLEMENT BATCH0178
BC-BATCH0179,2025-05-26,UTR614639071,53700.5,RAZORPAY SETTLEMENT BATCH0179
BC-ORPHAN-BATCH0179,2025-05-27,UTR814299118,4931.71,UNKNOWN CREDIT
BC-BATCH0180,2025-01-31,UTR448845506,98841.86,RAZORPAY SETTLEMENT BATCH0180
BC-BATCH0181,2025-01-23,UTR951169063,18095.140000000003,RAZORPAY SETTLEMENT BATCH0181
BC-BATCH0182,2025-03-10,UTR155877346,57278.61,RAZORPAY SETT BATCH0182 PARTIAL
BC-BATCH0183,2025-03-13,UTR615603325,84907.76,RAZORPAY SETTLEMENT BATCH0183
BC-BATCH0184,2025-04-02,UTR763157083,22655.989999999998,RAZORPAY SETTLEMENT BATCH0184
BC-BATCH0185,2025-05-08,UTR382963966,29963.78,RAZORPAY SETTLEMENT BATCH0185 DELAYED
BC-BATCH0186,2025-02-27,UTR756164110,29351.01,RAZORPAY SETT BATCH0186 NET OF REFUND
BC-BATCH0187,2025-01-20,UTR141195640,11334.91,RAZORPAY SETTLEMENT BATCH0187
BC-BATCH0188,2025-03-26,UTR314365568,21848.370000000003,RAZORPAY SETTLEMENT BATCH0188 DELAYED
BC-BATCH0189,2025-02-21,UTR460968220,60514.86,RAZORPAY SETTLEMENT BATCH0189
BC-BATCH0190,2025-05-17,UTR426728893,27311.72,RAZORPAY SETTLEMENT BATCH0190
BC-ORPHAN-BATCH0190,2025-05-18,UTR218170604,2076.98,UNKNOWN CREDIT
BC-BATCH0191-A,2025-01-20,UTR295154324,59424.71,RAZORPAY SETTLEMENT BATCH0191
BC-BATCH0191-B,2025-01-20,UTR295154324,59424.71,RAZORPAY SETTLEMENT BATCH0191 DUPLICATE
BC-BATCH0192,2025-03-05,UTR606868597,90576.35,RAZORPAY SETT BATCH0192 PARTIAL
BC-BATCH0193,2025-02-06,UTR627514698,25421.52,RAZORPAY SETT BATCH0193 PARTIAL
BC-BATCH0194,2025-01-23,UTR833324339,69265.7,RAZORPAY SETTLEMENT BATCH0194
BC-BATCH0195,2025-01-22,UTR667861313,25272.94,RAZORPAY SETT BATCH0195 PARTIAL
BC-BATCH0196-A,2025-01-30,UTR512369856,49571.759999999995,RAZORPAY SETTLEMENT BATCH0196
BC-BATCH0196-B,2025-01-30,UTR512369856,49571.759999999995,RAZORPAY SETTLEMENT BATCH0196 DUPLICATE
BC-BATCH0197,2025-02-01,UTR729815562,38900.16,RAZORPAY SETTLEMENT BATCH0197
BC-BATCH0198,2025-01-28,UTR686884756,33126.11,RAZORPAY SETT BATCH0198 NET OF REFUND
BC-BATCH0199,2025-04-27,UTR237258508,15719.04,RAZORPAY SETTLEMENT BATCH0199
BC-ORPHAN-BATCH0199,2025-04-28,UTR305843534,2672.85,UNKNOWN CREDIT
BC-BATCH0200,2025-05-23,UTR568286479,62550.35,RAZORPAY SETT BATCH0200 NET OF REFUND
BC-BATCH0201-A,2025-05-06,UTR411016150,74009.62,RAZORPAY SETTLEMENT BATCH0201
BC-BATCH0201-B,2025-05-06,UTR411016150,74009.62,RAZORPAY SETTLEMENT BATCH0201 DUPLICATE
BC-BATCH0202,2025-03-16,UTR835184880,56013.44,RAZORPAY SETTLEMENT BATCH0202
BC-BATCH0203,2025-02-21,UTR512478375,42734.94,RAZORPAY SETT BATCH0203 NET OF REFUND
BC-BATCH0204,2025-03-05,UTR271801968,43339.39,RAZORPAY SETTLEMENT BATCH0204
BC-BATCH0205,2025-02-05,UTR859945091,65511.950000000004,RAZORPAY SETTLEMENT BATCH0205 DELAYED
BC-BATCH0206,2025-02-20,UTR227886302,62740.189999999995,RAZORPAY SETTLEMENT BATCH0206 DELAYED
BC-BATCH0207,2025-01-26,UTR398238769,45898.22,RAZORPAY SETTLEMENT BATCH0207
BC-BATCH0208,2025-03-13,UTR224752527,19656.749999999996,RAZORPAY SETTLEMENT BATCH0208 DELAYED
BC-BATCH0209,2025-01-07,UTR383508835,14181.6,RAZORPAY SETTLEMENT BATCH0209
BC-BATCH0210,2025-02-25,UTR161486139,57120.44,RAZORPAY SETTLEMENT BATCH0210
BC-BATCH0211,2025-02-19,UTR116791698,35505.35,RAZORPAY SETTLEMENT BATCH0211
BC-BATCH0212,2025-01-23,UTR691500536,78945.55,RAZORPAY SETT BATCH0212 NET OF REFUND
BC-BATCH0213,2025-01-12,UTR776243304,46489.36,RAZORPAY SETTLEMENT BATCH0213 DELAYED
BC-BATCH0214,2025-03-01,UTR614329730,38742.83,RAZORPAY SETT BATCH0214 PARTIAL
BC-BATCH0215,2025-03-17,UTR302786799,26711.45,RAZORPAY SETTLEMENT BATCH0215 DELAYED
BC-BATCH0216,2025-01-08,UTR290840712,54728.380000000005,RAZORPAY SETTLEMENT BATCH0216
BC-BATCH0217,2025-02-10,UTR557838178,56716.52,RAZORPAY SETTLEMENT BATCH0217
BC-BATCH0218,2025-01-23,UTR747781482,34220.55,RAZORPAY SETTLEMENT BATCH0218 DELAYED
BC-BATCH0219,2025-04-26,UTR241926172,58189.69,RAZORPAY SETTLEMENT BATCH0219
BC-BATCH0220,2025-03-28,UTR950039201,39031.11,RAZORPAY SETTLEMENT BATCH0220
BC-BATCH0221,2025-08-12,UTR615852872,61639.399999999994,RAZORPAY SETTLEMENT BATCH0221
BC-BATCH0222,2025-03-09,UTR265907416,75913.88,RAZORPAY SETTLEMENT BATCH0222
BC-BATCH0223,2025-03-11,UTR985756373,68374.47,RAZORPAY SETTLEMENT BATCH0223
BC-BATCH0224,2025-01-09,UTR101299672,24676.69,RAZORPAY SETT BATCH0224 PARTIAL
BC-BATCH0225,2025-02-03,UTR479363624,49023.12,RAZORPAY SETTLEMENT BATCH0225
BC-BATCH0226,2025-01-09,UTR282062648,32536.93,RAZORPAY SETTLEMENT BATCH0226
BC-BATCH0227,2025-04-11,UTR458334265,17645.719999999998,RAZORPAY SETTLEMENT BATCH0227
BC-BATCH0228,2025-02-08,UTR560236245,67334.66,RAZORPAY SETT BATCH0228 PARTIAL
BC-BATCH0229,2025-04-22,UTR770829086,51680.64000000001,RAZORPAY SETTLEMENT BATCH0229
BC-BATCH0230,2025-03-02,UTR384972125,7622.34,RAZORPAY SETTLEMENT BATCH0230
BC-BATCH0231,2025-02-20,UTR258677766,25073.32,RAZORPAY SETTLEMENT BATCH0231
BC-BATCH0232,2025-04-04,UTR558974328,54384.44,RAZORPAY SETTLEMENT BATCH0232
BC-BATCH0233,2025-01-26,UTR295283935,27351.37,RAZORPAY SETT BATCH0233 NET OF REFUND
BC-BATCH0234,2025-01-22,UTR746116751,23197.940000000002,RAZORPAY SETTLEMENT BATCH0234 DELAYED
BC-BATCH0235,2025-01-25,UTR673131867,34007.43,RAZORPAY SETT BATCH0235 PARTIAL
BC-BATCH0236,2025-01-29,UTR867640638,51232.22,RAZORPAY SETTLEMENT BATCH0236
BC-BATCH0237,2025-04-15,UTR103077456,21053.98,RAZORPAY SETTLEMENT BATCH0237 DELAYED
BC-BATCH0238,2025-03-12,UTR475109063,51951.81999999999,RAZORPAY SETTLEMENT BATCH0238
BC-BATCH0239,2025-01-12,UTR552127953,48969.35,RAZORPAY SETT BATCH0239 PARTIAL
BC-BATCH0240,2025-02-18,UTR847088874,71477.63999999998,RAZORPAY SETTLEMENT BATCH0240
BC-BATCH0241,2025-03-15,UTR158071545,25726.42,RAZORPAY SETT BATCH0241 NET OF REFUND
BC-BATCH0242,2025-01-26,UTR257718363,28602.449999999997,RAZORPAY SETTLEMENT BATCH0242
BC-BATCH0243-A,2025-02-11,UTR711155757,19146.589999999997,RAZORPAY SETTLEMENT BATCH0243
BC-BATCH0243-B,2025-02-11,UTR711155757,19146.589999999997,RAZORPAY SETTLEMENT BATCH0243 DUPLICATE
BC-BATCH0244,2025-03-04,UTR850077300,29812.78,RAZORPAY SETTLEMENT BATCH0244
BC-BATCH0245,2025-01-26,UTR407915944,41918.89,RAZORPAY SETTLEMENT BATCH0245 DELAYED
BC-BATCH0246-A,2025-03-29,UTR272173204,25816.3,RAZORPAY SETTLEMENT BATCH0246
BC-BATCH0246-B,2025-03-29,UTR272173204,25816.3,RAZORPAY SETTLEMENT BATCH0246 DUPLICATE
BC-BATCH0247,2025-02-21,UTR638881430,27397.89,RAZORPAY SETTLEMENT BATCH0247
BC-BATCH0248,2025-01-03,UTR659957480,71435.20999999999,RAZORPAY SETTLEMENT BATCH0248
BC-BATCH0249,2025-01-10,UTR521219212,14976.169999999998,RAZORPAY SETTLEMENT BATCH0249 DELAYED
BC-BATCH0250,2025-04-17,UTR800831233,42456.39,RAZORPAY SETT BATCH0250 NET OF REFUND
BC-BATCH0251,2025-03-15,UTR389823921,63357.19,RAZORPAY SETTLEMENT BATCH0251
BC-BATCH0252-A,2025-02-12,UTR357193290,24918.85,RAZORPAY SETTLEMENT BATCH0252
BC-BATCH0252-B,2025-02-12,UTR357193290,24918.85,RAZORPAY SETTLEMENT BATCH0252 DUPLICATE
BC-BATCH0253,2025-04-01,UTR111786474,63077.25,RAZORPAY SETTLEMENT BATCH0253
BC-BATCH0254,2025-02-13,UTR191310308,98520.04000000001,RAZORPAY SETTLEMENT BATCH0254 DELAYED
BC-BATCH0255,2025-03-04,UTR200084477,64191.46,RAZORPAY SETTLEMENT BATCH0255
BC-BATCH0256,2025-01-18,UTR309254786,53770.3,RAZORPAY SETT BATCH0256 PARTIAL
BC-BATCH0257-A,2025-01-07,UTR537320614,47038.64,RAZORPAY SETTLEMENT BATCH0257
BC-BATCH0257-B,2025-01-07,UTR537320614,47038.64,RAZORPAY SETTLEMENT BATCH0257 DUPLICATE
BC-BATCH0258,2025-03-03,UTR730474896,31763.150000000005,RAZORPAY SETTLEMENT BATCH0258 DELAYED
BC-BATCH0259,2025-07-12,UTR832693486,76109.36,RAZORPAY SETTLEMENT BATCH0259
BC-BATCH0260,2025-01-08,UTR925520324,14485.31,RAZORPAY SETT BATCH0260 NET OF REFUND
BC-BATCH0261,2025-02-23,UTR412288779,62852.71000000001,RAZORPAY SETTLEMENT BATCH0261
BC-BATCH0262,2025-03-19,UTR324219451,48548.48999999999,RAZORPAY SETTLEMENT BATCH0262
BC-BATCH0263,2025-01-13,UTR253139764,32728.18,RAZORPAY SETTLEMENT BATCH0263
BC-BATCH0264,2025-02-13,UTR436852895,99721.10999999999,RAZORPAY SETTLEMENT BATCH0264
BC-BATCH0265,2025-02-08,UTR490120758,50281.34,RAZORPAY SETTLEMENT BATCH0265
BC-BATCH0266,2025-03-30,UTR608160077,21628.879999999997,RAZORPAY SETTLEMENT BATCH0266
BC-BATCH0267,2025-02-25,UTR490275201,29546.260000000002,RAZORPAY SETTLEMENT BATCH0267
BC-BATCH0268,2025-03-13,UTR493775775,101868.72999999998,RAZORPAY SETTLEMENT BATCH0268
BC-ORPHAN-BATCH0268,2025-03-14,UTR650270404,4379.34,UNKNOWN CREDIT
BC-BATCH0269,2025-02-17,UTR832888487,56128.67,RAZORPAY SETTLEMENT BATCH0269
BC-BATCH0270,2025-05-17,UTR213062876,17228.8,RAZORPAY SETTLEMENT BATCH0270
BC-BATCH0271,2025-02-13,UTR339499503,52900.499999999985,RAZORPAY SETTLEMENT BATCH0271 DELAYED
BC-BATCH0272,2025-01-06,UTR978631921,41217.85,RAZORPAY SETTLEMENT BATCH0272
BC-BATCH0273,2025-01-19,UTR314180354,86403.26000000001,RAZORPAY SETTLEMENT BATCH0273
BC-BATCH0274,2025-01-20,UTR622155300,19587.77,RAZORPAY SETTLEMENT BATCH0274
BC-BATCH0275,2025-01-11,UTR685276505,28016.879999999997,RAZORPAY SETTLEMENT BATCH0275
BC-BATCH0276,2025-02-17,UTR745401958,44844.03,RAZORPAY SETTLEMENT BATCH0276
BC-BATCH0277,2025-01-24,UTR158065294,14288.89,RAZORPAY SETT BATCH0277 NET OF REFUND
BC-BATCH0278,2025-01-12,UTR174366341,17241.760000000002,RAZORPAY SETTLEMENT BATCH0278
BC-BATCH0279,2025-03-10,UTR663476031,53950.07,RAZORPAY SETT BATCH0279 PARTIAL
BC-BATCH0280-A,2025-02-08,UTR467240263,26694.89,RAZORPAY SETTLEMENT BATCH0280
BC-BATCH0280-B,2025-02-08,UTR467240263,26694.89,RAZORPAY SETTLEMENT BATCH0280 DUPLICATE
BC-BATCH0281,2025-01-28,UTR610563615,83582.49,RAZORPAY SETTLEMENT BATCH0281 DELAYED
BC-BATCH0282,2025-02-21,UTR940817554,41728.67,RAZORPAY SETTLEMENT BATCH0282
BC-BATCH0283,2025-02-25,UTR813032149,84311.61,RAZORPAY SETTLEMENT BATCH0283
BC-BATCH0284,2025-05-14,UTR636275696,32519.74,RAZORPAY SETT BATCH0284 PARTIAL
BC-BATCH0285,2025-03-23,UTR993901688,43267.08,RAZORPAY SETT BATCH0285 PARTIAL
BC-BATCH0286,2025-02-21,UTR551160662,24660.320000000003,RAZORPAY SETTLEMENT BATCH0286
BC-ORPHAN-BATCH0286,2025-02-22,UTR847803291,3184.34,UNKNOWN CREDIT
BC-BATCH0287,2025-01-08,UTR305255412,33747.92,RAZORPAY SETTLEMENT BATCH0287
BC-BATCH0288,2025-01-29,UTR424210400,61082.34,RAZORPAY SETT BATCH0288 PARTIAL
BC-BATCH0289,2025-03-09,UTR540649487,41827.12,RAZORPAY SETT BATCH0289 PARTIAL
BC-BATCH0290,2025-02-16,UTR288778639,55897.829999999994,RAZORPAY SETTLEMENT BATCH0290
BC-ORPHAN-BATCH0290,2025-02-17,UTR592658048,2713.53,UNKNOWN CREDIT
BC-BATCH0291,2025-02-15,UTR406046409,34828.58,RAZORPAY SETTLEMENT BATCH0291
BC-BATCH0292,2025-01-25,UTR196248006,50578.57,RAZORPAY SETTLEMENT BATCH0292
BC-BATCH0293,2025-02-07,UTR684903401,61989.69,RAZORPAY SETTLEMENT BATCH0293
BC-BATCH0294-A,2025-03-24,UTR339314901,46019.979999999996,RAZORPAY SETTLEMENT BATCH0294
BC-BATCH0294-B,2025-03-24,UTR339314901,46019.979999999996,RAZORPAY SETTLEMENT BATCH0294 DUPLICATE
BC-BATCH0295,2025-01-18,UTR476468571,94070.79999999999,RAZORPAY SETTLEMENT BATCH0295
BC-BATCH0296,2025-03-18,UTR644989272,50106.29000000001,RAZORPAY SETTLEMENT BATCH0296 DELAYED
BC-BATCH0297,2025-03-04,UTR545126826,62907.65,RAZORPAY SETTLEMENT BATCH0297
BC-BATCH0298,2025-04-09,UTR744186766,15405.59,RAZORPAY SETTLEMENT BATCH0298
BC-BATCH0299,2025-01-09,UTR696720830,56252.05,RAZORPAY SETTLEMENT BATCH0299
BC-BATCH0300-A,2025-06-18,UTR783193458,62328.84,RAZORPAY SETTLEMENT BATCH0300
BC-BATCH0300-B,2025-06-18,UTR783193458,62328.84,RAZORPAY SETTLEMENT BATCH0300 DUPLICATE
BC-BATCH0301,2025-01-23,UTR348001621,66127.63,RAZORPAY SETTLEMENT BATCH0301
BC-BATCH0302,2025-01-21,UTR999084701,54800.229999999996,RAZORPAY SETTLEMENT BATCH0302 DELAYED
BC-BATCH0303,2025-02-18,UTR569677269,49444.88,RAZORPAY SETTLEMENT BATCH0303
BC-BATCH0304,2025-03-11,UTR510604082,31082.64,RAZORPAY SETT BATCH0304 NET OF REFUND
BC-BATCH0305,2025-05-12,UTR800640935,10981.3,RAZORPAY SETT BATCH0305 NET OF REFUND
BC-BATCH0306,2025-01-19,UTR395241238,15323.14,RAZORPAY SETTLEMENT BATCH0306
BC-BATCH0307,2025-02-04,UTR592984637,86534.87,RAZORPAY SETTLEMENT BATCH0307
BC-ORPHAN-BATCH0307,2025-02-05,UTR739836790,1490.74,UNKNOWN CREDIT
BC-BATCH0308,2025-08-03,UTR630691582,35425.66,RAZORPAY SETTLEMENT BATCH0308
BC-BATCH0309,2025-04-13,UTR544255455,14452.41,RAZORPAY SETTLEMENT BATCH0309
BC-BATCH0310,2025-04-19,UTR436709263,50326.11000000001,RAZORPAY SETTLEMENT BATCH0310
BC-ORPHAN-BATCH0310,2025-04-20,UTR780271060,4633.21,UNKNOWN CREDIT
BC-BATCH0311,2025-01-07,UTR777760231,57510.369999999995,RAZORPAY SETTLEMENT BATCH0311
BC-BATCH0312,2025-06-14,UTR759282845,39675.83000000001,RAZORPAY SETTLEMENT BATCH0312
BC-BATCH0313,2025-01-18,UTR750806493,26288.61,RAZORPAY SETTLEMENT BATCH0313
BC-BATCH0314,2025-01-15,UTR491798349,38207.5,RAZORPAY SETT BATCH0314 NET OF REFUND
BC-BATCH0315,2025-01-22,UTR881409059,53148.06,RAZORPAY SETT BATCH0315 NET OF REFUND
BC-BATCH0316,2025-02-25,UTR474256340,29023.850000000002,RAZORPAY SETTLEMENT BATCH0316
BC-BATCH0317-A,2025-01-28,UTR650460773,44698.02,RAZORPAY SETTLEMENT BATCH0317
BC-BATCH0317-B,2025-01-28,UTR650460773,44698.02,RAZORPAY SETTLEMENT BATCH0317 DUPLICATE
BC-BATCH0318-A,2025-02-15,UTR521793625,41843.86,RAZORPAY SETTLEMENT BATCH0318
BC-BATCH0318-B,2025-02-15,UTR521793625,41843.86,RAZORPAY SETTLEMENT BATCH0318 DUPLICATE
BC-BATCH0319,2025-04-06,UTR565436656,25115.199999999997,RAZORPAY SETTLEMENT BATCH0319
BC-BATCH0320,2025-02-26,UTR511292349,10962.26,RAZORPAY SETT BATCH0320 PARTIAL
BC-BATCH0321,2025-03-25,UTR136249528,63304.700000000004,RAZORPAY SETTLEMENT BATCH0321
BC-BATCH0322,2025-02-23,UTR132147781,40986.670000000006,RAZORPAY SETTLEMENT BATCH0322 DELAYED
BC-BATCH0323,2025-04-17,UTR177996967,74465.53,RAZORPAY SETTLEMENT BATCH0323
BC-ORPHAN-BATCH0323,2025-04-18,UTR331052236,3627.82,UNKNOWN CREDIT
BC-BATCH0324,2025-01-30,UTR111704885,22784.189999999995,RAZORPAY SETTLEMENT BATCH0324
BC-BATCH0325,2025-01-19,UTR703056990,14799.019999999999,RAZORPAY SETTLEMENT BATCH0325
BC-BATCH0326,2025-03-15,UTR333499573,41176.67999999999,RAZORPAY SETTLEMENT BATCH0326 DELAYED
BC-BATCH0327,2025-01-22,UTR441217210,26280.69,RAZORPAY SETTLEMENT BATCH0327
BC-BATCH0328,2025-02-11,UTR150242357,47564.82,RAZORPAY SETTLEMENT BATCH0328
BC-BATCH0329,2025-01-09,UTR745781277,53852.59,RAZORPAY SETT BATCH0329 NET OF REFUND
BC-BATCH0330,2025-02-11,UTR104989688,41760.81,RAZORPAY SETTLEMENT BATCH0330
BC-ORPHAN-BATCH0330,2025-02-12,UTR595823751,2137.46,UNKNOWN CREDIT
BC-BATCH0331,2025-04-02,UTR202134123,112945.04000000001,RAZORPAY SETTLEMENT BATCH0331
BC-BATCH0332,2025-03-04,UTR185649391,32344.22,RAZORPAY SETTLEMENT BATCH0332
BC-BATCH0333,2025-07-21,UTR420451603,11226.84,RAZORPAY SETTLEMENT BATCH0333
BC-BATCH0334,2025-02-21,UTR210320118,42901.71000000001,RAZORPAY SETTLEMENT BATCH0334
BC-BATCH0335-A,2025-02-05,UTR446667253,24649.840000000004,RAZORPAY SETTLEMENT BATCH0335
BC-BATCH0335-B,2025-02-05,UTR446667253,24649.840000000004,RAZORPAY SETTLEMENT BATCH0335 DUPLICATE
BC-BATCH0336,2025-03-04,UTR877504949,47181.01000000001,RAZORPAY SETTLEMENT BATCH0336 DELAYED
BC-BATCH0337,2025-05-24,UTR151543246,71239.26,RAZORPAY SETTLEMENT BATCH0337
BC-BATCH0338-A,2025-02-10,UTR850185649,10960.300000000001,RAZORPAY SETTLEMENT BATCH0338
BC-BATCH0338-B,2025-02-10,UTR850185649,10960.300000000001,RAZORPAY SETTLEMENT BATCH0338 DUPLICATE
BC-BATCH0339,2025-06-20,UTR258915379,45868.37,RAZORPAY SETTLEMENT BATCH0339
BC-BATCH0340,2025-02-12,UTR613170015,83247.3,RAZORPAY SETTLEMENT BATCH0340 DELAYED
BC-BATCH0341,2025-01-24,UTR922703112,82913.47,RAZORPAY SETTLEMENT BATCH0341
BC-BATCH0342,2025-01-21,UTR846213062,38514.87,RAZORPAY SETTLEMENT BATCH0342
BC-BATCH0343,2025-03-11,UTR819942770,28781.210000000003,RAZORPAY SETTLEMENT BATCH0343
BC-BATCH0344,2025-02-26,UTR465555552,20177.66,RAZORPAY SETTLEMENT BATCH0344
BC-ORPHAN-BATCH0344,2025-02-27,UTR324048532,4255.98,UNKNOWN CREDIT
BC-BATCH0345,2025-01-23,UTR641715005,32514.11,RAZORPAY SETT BATCH0345 PARTIAL
BC-BATCH0346-A,2025-01-06,UTR766233236,45538.079999999994,RAZORPAY SETTLEMENT BATCH0346
BC-BATCH0346-B,2025-01-06,UTR766233236,45538.079999999994,RAZORPAY SETTLEMENT BATCH0346 DUPLICATE
BC-BATCH0347,2025-02-16,UTR554293711,29791.199999999997,RAZORPAY SETTLEMENT BATCH0347
BC-BATCH0348,2025-01-26,UTR899965574,23311.720000000005,RAZORPAY SETTLEMENT BATCH0348
BC-BATCH0349,2025-04-20,UTR130694250,23419.96,RAZORPAY SETT BATCH0349 PARTIAL
BC-BATCH0350,2025-04-14,UTR190266007,8262.460000000001,RAZORPAY SETTLEMENT BATCH0350
BC-BATCH0351,2025-02-27,UTR562619968,49293.24,RAZORPAY SETTLEMENT BATCH0351
BC-BATCH0352,2025-02-15,UTR205025589,103126.62,RAZORPAY SETT BATCH0352 PARTIAL
BC-BATCH0353,2025-03-20,UTR532387352,81899.02,RAZORPAY SETT BATCH0353 NET OF REFUND
BC-BATCH0354,2025-02-18,UTR831390546,23079.03,RAZORPAY SETTLEMENT BATCH0354
BC-BATCH0355,2025-01-03,UTR138319651,62633.93,RAZORPAY SETTLEMENT BATCH0355
BC-BATCH0356,2025-02-01,UTR343164953,33802.55,RAZORPAY SETTLEMENT BATCH0356
BC-BATCH0357,2025-02-03,UTR888045294,61823.39,RAZORPAY SETT BATCH0357 PARTIAL
BC-BATCH0358,2025-02-05,UTR473268212,41335.62,RAZORPAY SETTLEMENT BATCH0358
BC-ORPHAN-BATCH0358,2025-02-06,UTR783865325,2151.97,UNKNOWN CREDIT
BC-BATCH0359,2025-03-28,UTR852125249,31319.58,RAZORPAY SETT BATCH0359 NET OF REFUND
BC-BATCH0360-A,2025-01-12,UTR278934197,54382.119999999995,RAZORPAY SETTLEMENT BATCH0360
BC-BATCH0360-B,2025-01-12,UTR278934197,54382.119999999995,RAZORPAY SETTLEMENT BATCH0360 DUPLICATE
BC-BATCH0361,2025-01-27,UTR559478337,14215.88,RAZORPAY SETT BATCH0361 PARTIAL
BC-BATCH0362,2025-01-21,UTR829288603,20084.06,RAZORPAY SETT BATCH0362 PARTIAL
BC-BATCH0363-A,2025-01-15,UTR365762299,64461.08,RAZORPAY SETTLEMENT BATCH0363
BC-BATCH0363-B,2025-01-15,UTR365762299,64461.08,RAZORPAY SETTLEMENT BATCH0363 DUPLICATE
BC-BATCH0364-A,2025-02-20,UTR664003494,34345.84,RAZORPAY SETTLEMENT BATCH0364
BC-BATCH0364-B,2025-02-20,UTR664003494,34345.84,RAZORPAY SETTLEMENT BATCH0364 DUPLICATE
BC-BATCH0365,2025-05-25,UTR963173126,22311.2,RAZORPAY SETTLEMENT BATCH0365
BC-BATCH0366,2025-05-28,UTR376316195,27116.739999999998,RAZORPAY SETTLEMENT BATCH0366
BC-BATCH0367,2025-04-15,UTR988789236,28152.25,RAZORPAY SETTLEMENT BATCH0367
BC-BATCH0368,2025-01-04,UTR389843121,36703.6,RAZORPAY SETT BATCH0368 NET OF REFUND
BC-BATCH0369,2025-04-04,UTR483534575,49822.54,RAZORPAY SETT BATCH0369 NET OF REFUND
BC-BATCH0370,2025-05-23,UTR308136381,22177.6,RAZORPAY SETTLEMENT BATCH0370
BC-BATCH0371,2025-03-14,UTR287853549,31400.58,RAZORPAY SETTLEMENT BATCH0371
BC-BATCH0372,2025-03-27,UTR432133365,71350.15000000001,RAZORPAY SETTLEMENT BATCH0372
BC-BATCH0373,2025-03-09,UTR953982207,52491.60999999999,RAZORPAY SETTLEMENT BATCH0373 DELAYED
BC-BATCH0374,2025-01-12,UTR836078695,38157.39,RAZORPAY SETT BATCH0374 PARTIAL
BC-BATCH0375,2025-02-18,UTR699299168,48459.49999999999,RAZORPAY SETTLEMENT BATCH0375
BC-BATCH0376,2025-01-05,UTR958762678,72645.67,RAZORPAY SETTLEMENT BATCH0376
BC-BATCH0377,2025-04-22,UTR986342308,48789.68,RAZORPAY SETT BATCH0377 NET OF REFUND
BC-BATCH0378-A,2025-03-13,UTR808941598,18067.8,RAZORPAY SETTLEMENT BATCH0378
BC-BATCH0378-B,2025-03-13,UTR808941598,18067.8,RAZORPAY SETTLEMENT BATCH0378 DUPLICATE
BC-BATCH0379,2025-01-09,UTR943170042,65013.850000000006,RAZORPAY SETTLEMENT BATCH0379
BC-BATCH0380,2025-06-25,UTR887109809,28337.1,RAZORPAY SETT BATCH0380 NET OF REFUND
BC-BATCH0381,2025-01-18,UTR480783468,10038.07,RAZORPAY SETTLEMENT BATCH0381
BC-BATCH0382,2025-02-11,UTR424294358,22939.22,RAZORPAY SETT BATCH0382 NET OF REFUND
BC-BATCH0383,2025-06-12,UTR368457410,32658.37,RAZORPAY SETT BATCH0383 PARTIAL
BC-BATCH0384,2025-02-06,UTR419260106,21831.31,RAZORPAY SETTLEMENT BATCH0384 DELAYED
BC-BATCH0385,2025-01-26,UTR665401733,9234.71,RAZORPAY SETTLEMENT BATCH0385
BC-BATCH0386,2025-01-14,UTR600956992,46332.01,RAZORPAY SETTLEMENT BATCH0386
BC-BATCH0387,2025-06-25,UTR194949900,46922.35,RAZORPAY SETT BATCH0387 NET OF REFUND
BC-BATCH0388,2025-02-06,UTR766675282,66072.5,RAZORPAY SETT BATCH0388 PARTIAL
BC-BATCH0389,2025-04-05,UTR532655812,63562.479999999996,RAZORPAY SETTLEMENT BATCH0389
BC-BATCH0390,2025-03-21,UTR190902012,44197.56,RAZORPAY SETTLEMENT BATCH0390
BC-BATCH0391,2025-02-04,UTR707140225,52025.0,RAZORPAY SETTLEMENT BATCH0391
BC-BATCH0392,2025-01-16,UTR654334283,63713.53,RAZORPAY SETTLEMENT BATCH0392 DELAYED
BC-BATCH0393,2025-02-22,UTR774566985,66117.85,RAZORPAY SETTLEMENT BATCH0393 DELAYED
BC-BATCH0394,2025-02-01,UTR172093245,50669.73999999999,RAZORPAY SETTLEMENT BATCH0394
BC-BATCH0395,2025-01-31,UTR319358643,13303.4,RAZORPAY SETT BATCH0395 NET OF REFUND
BC-BATCH0396,2025-05-05,UTR422040680,51437.63,RAZORPAY SETT BATCH0396 NET OF REFUND
BC-BATCH0397,2025-02-13,UTR232281264,64504.86,RAZORPAY SETTLEMENT BATCH0397
BC-BATCH0398,2025-01-24,UTR283368785,54662.29,RAZORPAY SETTLEMENT BATCH0398 DELAYED
BC-BATCH0399,2025-03-24,UTR410793531,42653.409999999996,RAZORPAY SETTLEMENT BATCH0399
BC-BATCH0400,2025-02-17,UTR514271914,73073.27,RAZORPAY SETTLEMENT BATCH0400
BC-BATCH0401,2025-02-17,UTR404322294,71495.16,RAZORPAY SETTLEMENT BATCH0401
BC-BATCH0402-A,2025-03-10,UTR792680500,40516.64,RAZORPAY SETTLEMENT BATCH0402
BC-BATCH0402-B,2025-03-10,UTR792680500,40516.64,RAZORPAY SETTLEMENT BATCH0402 DUPLICATE
BC-BATCH0403,2025-02-20,UTR602411429,58960.63999999999,RAZORPAY SETTLEMENT BATCH0403 DELAYED
BC-BATCH0404,2025-01-27,UTR858302909,69315.29999999999,RAZORPAY SETTLEMENT BATCH0404
BC-BATCH0405,2025-01-24,UTR804303106,22221.72,RAZORPAY SETT BATCH0405 PARTIAL
BC-BATCH0406,2025-03-21,UTR942845386,41381.939999999995,RAZORPAY SETTLEMENT BATCH0406
BC-BATCH0407,2025-03-01,UTR606540191,33107.14,RAZORPAY SETTLEMENT BATCH0407
BC-BATCH0408,2025-01-05,UTR723548418,53923.76000000001,RAZORPAY SETTLEMENT BATCH0408
BC-BATCH0409,2025-01-16,UTR886921228,31874.99,RAZORPAY SETT BATCH0409 NET OF REFUND
BC-BATCH0410,2025-01-25,UTR928653076,44603.87999999999,RAZORPAY SETTLEMENT BATCH0410
BC-BATCH0411-A,2025-03-05,UTR169116659,50874.2,RAZORPAY SETTLEMENT BATCH0411
BC-BATCH0411-B,2025-03-05,UTR169116659,50874.2,RAZORPAY SETTLEMENT BATCH0411 DUPLICATE
BC-BATCH0412,2025-07-10,UTR574087562,22193.73,RAZORPAY SETTLEMENT BATCH0412
BC-ORPHAN-BATCH0412,2025-07-11,UTR919642916,2497.29,UNKNOWN CREDIT
BC-BATCH0413,2025-03-23,UTR505475993,47729.490000000005,RAZORPAY SETTLEMENT BATCH0413
BC-BATCH0414,2025-01-26,UTR569777998,39588.55,RAZORPAY SETTLEMENT BATCH0414
BC-BATCH0415,2025-04-08,UTR973851617,30091.050000000003,RAZORPAY SETTLEMENT BATCH0415
BC-BATCH0416,2025-02-17,UTR318548994,24727.32,RAZORPAY SETTLEMENT BATCH0416
BC-BATCH0417,2025-03-01,UTR686886707,51280.869999999995,RAZORPAY SETTLEMENT BATCH0417
