order_id,order_date,gross_amount,currency,refunded_amount
ORD00001,2025-11-24,1612.33,INR,0.0
ORD00002,2025-05-06,1604.71,INR,0.0
ORD00003,2025-12-13,6362.93,INR,0.0
ORD00004,2025-10-30,2238.38,INR,0.0
ORD00005,2025-04-22,1403.03,INR,0.0
ORD00006,2025-10-15,1474.83,INR,0.0
ORD00007,2025-10-07,5593.67,INR,0.0
ORD00008,2025-05-23,10097.48,INR,0.0
ORD00009,2025-03-23,4722.0,INR,0.0
ORD00010,2025-03-21,1645.24,INR,0.0
ORD00011,2025-02-22,645.07,INR,0.0
ORD00012,2025-06-26,8457.03,INR,0.0
ORD00013,2025-08-24,9784.93,INR,0.0
ORD00014,2025-07-13,939.77,INR,0.0
ORD00015,2025-11-18,8893.66,INR,0.0
ORD00016,2025-10-23,604.33,INR,0.0
ORD00017,2025-12-05,934.08,INR,0.0
ORD00018,2025-02-10,22997.26,INR,0.0
ORD00019,2025-07-14,1453.53,INR,0.0
ORD00020,2025-07-06,1032.91,INR,0.0
ORD00021,2025-12-10,1904.98,INR,0.0
ORD00022,2025-11-28,1452.47,INR,0.0
ORD00023,2025-10-01,3307.22,INR,0.0
ORD00024,2025-07-14,1888.09,INR,0.0
ORD00025,2025-12-19,7476.91,INR,0.0
ORD00026,2025-01-29,548.15,INR,0.0
ORD00027,2025-06-11,2529.51,INR,0.0
ORD00028,2025-10-18,14720.17,INR,0.0
ORD00029,2025-12-02,9077.47,INR,0.0
ORD00030,2025-11-26,4119.04,INR,0.0
ORD00031,2025-05-07,6311.82,INR,0.0
ORD00032,2025-10-27,6668.26,INR,0.0
ORD00033,2025-07-05,1996.31,INR,0.0
ORD00034,2025-09-18,8046.26,INR,0.0
ORD00035,2025-02-26,739.97,INR,0.0
ORD00036,2025-12-15,2508.22,INR,0.0
ORD00037,2025-07-15,5744.4,INR,0.0
ORD00038,2025-05-09,46519.49,INR,0.0
ORD00039,2025-01-06,2916.41,INR,0.0
ORD00040,2025-10-02,21528.98,INR,0.0
ORD00041,2025-06-24,1152.15,INR,0.0
ORD00042,2025-08-21,1583.14,INR,0.0
ORD00043,2025-05-15,44049.05,INR,0.0
ORD00044,2025-09-17,23057.78,INR,0.0
ORD00045,2025-06-02,17614.94,INR,0.0
ORD00046,2025-04-12,1643.77,INR,0.0
ORD00047,2025-10-04,48060.85,INR,0.0
ORD00048,2025-01-01,5908.85,INR,0.0
ORD00049,2025-02-27,23180.83,INR,0.0
ORD00050,2025-06-07,861.31,INR,0.0
ORD00051,2025-10-18,11284.8,INR,0.0
ORD00052,2025-09-06,24669.77,INR,0.0
ORD00053,2025-09-30,11925.87,INR,0.0
ORD00054,2025-09-01,12476.9,INR,0.0
ORD00055,2025-09-28,16347.07,INR,0.0
ORD00056,2025-04-19,21328.98,INR,0.0
ORD00057,2025-12-20,967.57,INR,0.0
ORD00058,2025-12-10,5504.8,INR,0.0
ORD00059,2025-09-22,3983.24,INR,0.0
ORD00060,2025-02-02,1382.46,INR,0.0
ORD00061,2025-04-28,2057.53,INR,0.0
ORD00062,2025-12-29,3831.53,INR,0.0
ORD00063,2025-01-17,11062.86,INR,0.0
ORD00064,2025-05-02,1228.12,INR,0.0
ORD00065,2025-10-04,1903.27,INR,0.0
ORD00066,2025-10-20,3943.98,INR,0.0
ORD00067,2025-08-31,12856.15,INR,0.0
ORD00068,2025-02-19,4834.38,INR,0.0
ORD00069,2025-07-30,7832.61,INR,0.0
ORD00070,2025-12-11,7169.44,INR,0.0
ORD00071,2025-02-01,4714.42,INR,0.0
ORD00072,2025-02-25,785.31,INR,0.0
ORD00073,2025-08-18,775.23,INR,0.0
ORD00074,2025-08-25,1884.9,INR,0.0
ORD00075,2025-08-15,22839.5,INR,0.0
ORD00076,2025-02-20,1998.92,INR,0.0
ORD00077,2025-01-08,48159.17,INR,0.0
ORD00078,2025-05-02,1228.46,INR,0.0
ORD00079,2025-04-20,23536.64,INR,0.0
ORD00080,2025-03-26,1977.96,INR,0.0
ORD00081,2025-05-16,21776.94,INR,0.0
ORD00082,2025-05-27,9658.54,INR,0.0
ORD00083,2025-10-12,5893.37,INR,0.0
ORD00084,2025-04-08,1953.06,INR,0.0
ORD00085,2025-10-24,2487.66,INR,0.0
ORD00086,2025-06-10,1376.27,INR,0.0
ORD00087,2025-09-15,17966.89,INR,0.0
ORD00088,2025-01-30,27002.79,INR,0.0
ORD00089,2025-04-06,601.94,INR,0.0
ORD00090,2025-05-01,9532.77,INR,0.0
ORD00091,2025-10-19,1391.78,INR,0.0
ORD00092,2025-11-14,1486.06,INR,0.0
ORD00093,2025-10-17,9477.65,INR,0.0
ORD00094,2025-04-15,4513.47,INR,0.0
ORD00095,2025-05-16,1507.54,INR,0.0
ORD00096,2025-06-03,9432.15,INR,0.0
ORD00097,2025-02-07,1431.74,INR,0.0
ORD00098,2025-10-16,26831.52,INR,0.0
ORD00099,2025-04-20,3059.65,INR,0.0
ORD00100,2025-06-28,23189.05,INR,0.0
ORD00101,2025-07-09,1157.28,INR,0.0
ORD00102,2025-10-06,6893.42,INR,0.0
ORD00103,2025-12-01,7342.91,INR,0.0
ORD00104,2025-10-11,1495.08,INR,0.0
ORD00105,2025-03-10,1834.57,INR,0.0
ORD00106,2025-10-11,922.63,INR,0.0
ORD00107,2025-04-18,3628.78,INR,0.0
ORD00108,2025-11-21,17581.14,INR,0.0
ORD00109,2025-05-09,22691.56,INR,0.0
ORD00110,2025-02-17,8634.78,INR,0.0
ORD00111,2025-01-23,1656.68,INR,0.0
ORD00112,2025-11-23,29039.55,INR,0.0
ORD00113,2025-08-15,5421.5,INR,0.0
ORD00114,2025-01-05,1917.58,INR,0.0
ORD00115,2025-12-20,18183.85,INR,0.0
ORD00116,2025-07-09,3184.75,INR,0.0
ORD00117,2025-03-07,1046.98,INR,0.0
ORD00118,2025-01-21,13151.15,INR,0.0
ORD00119,2025-05-08,4829.43,INR,0.0
ORD00120,2025-10-14,16095.66,INR,0.0
ORD00121,2025-11-14,9406.11,INR,0.0
ORD00122,2025-05-02,24643.09,INR,0.0
ORD00123,2025-04-01,10371.8,INR,0.0
ORD00124,2025-06-20,16175.7,INR,0.0
ORD00125,2025-12-09,22161.24,INR,0.0
ORD00126,2025-05-17,1551.92,INR,0.0
ORD00127,2025-07-15,22878.9,INR,0.0
ORD00128,2025-04-24,1877.68,INR,0.0
ORD00129,2025-06-29,1693.02,INR,0.0
ORD00130,2025-04-27,1490.05,INR,0.0
ORD00131,2025-07-24,1796.53,INR,0.0
ORD00132,2025-05-23,1264.11,INR,0.0
ORD00133,2025-12-14,38405.39,INR,0.0
ORD00134,2025-01-15,1955.6,INR,0.0
ORD00135,2025-04-02,9868.4,INR,0.0
ORD00136,2025-01-20,1151.85,INR,0.0
ORD00137,2025-06-10,9873.89,INR,0.0
ORD00138,2025-03-01,1364.88,INR,0.0
ORD00139,2025-05-11,1154.09,INR,0.0
ORD00140,2025-09-24,18076.78,INR,0.0
ORD00141,2025-12-10,1146.95,INR,0.0
ORD00142,2025-12-07,19347.33,INR,0.0
ORD00143,2025-12-06,20796.31,INR,0.0
ORD00144,2025-06-03,7335.14,INR,0.0
ORD00145,2025-06-17,4365.24,INR,0.0
ORD00146,2025-03-07,1497.39,INR,0.0
ORD00147,2025-07-14,9222.44,INR,0.0
ORD00148,2025-11-12,5248.6,INR,0.0
ORD00149,2025-01-01,815.27,INR,0.0
ORD00150,2025-10-24,4577.99,INR,0.0
ORD00151,2025-08-15,3709.61,INR,0.0
ORD00152,2025-08-31,24397.48,INR,0.0
ORD00153,2025-03-28,4270.29,INR,0.0
ORD00154,2025-12-06,4681.51,INR,0.0
ORD00155,2025-05-01,3797.13,INR,0.0
ORD00156,2025-04-12,569.32,INR,0.0
ORD00157,2025-09-01,8147.91,INR,0.0
ORD00158,2025-08-22,7038.12,INR,0.0
ORD00159,2025-04-10,5071.83,INR,0.0
ORD00160,2025-07-24,1484.09,INR,0.0
ORD00161,2025-01-03,22906.61,INR,0.0
ORD00162,2025-02-24,13282.62,INR,0.0
ORD00163,2025-12-23,2401.75,INR,0.0
ORD00164,2025-05-08,11820.38,INR,0.0
ORD00165,2025-03-10,20013.67,INR,0.0
ORD00166,2025-10-14,9600.32,INR,0.0
ORD00167,2025-08-15,7754.19,INR,0.0
ORD00168,2025-09-16,9254.84,INR,0.0
ORD00169,2025-08-17,21154.83,INR,0.0
ORD00170,2025-09-01,8014.21,INR,0.0
ORD00171,2025-11-23,1666.51,INR,0.0
ORD00172,2025-09-06,4196.78,INR,0.0
ORD00173,2025-02-09,3875.95,INR,0.0
ORD00174,2025-06-21,1310.23,INR,0.0
ORD00175,2025-03-12,1074.55,INR,0.0
ORD00176,2025-03-20,2513.83,INR,0.0
ORD00177,2025-07-28,1198.89,INR,0.0
ORD00178,2025-02-01,1130.22,INR,0.0
ORD00179,2025-10-27,10292.98,INR,0.0
ORD00180,2025-10-22,508.84,INR,0.0
ORD00181,2025-06-30,1084.98,INR,0.0
ORD00182,2025-08-03,7877.07,INR,0.0
ORD00183,2025-11-05,17323.44,INR,0.0
ORD00184,2025-05-20,2232.2,INR,0.0
ORD00185,2025-06-22,8385.14,INR,0.0
ORD00186,2025-03-26,23793.12,INR,0.0
ORD00187,2025-11-15,9255.43,INR,0.0
ORD00188,2025-10-31,2216.82,INR,0.0
ORD00189,2025-11-26,8934.81,INR,0.0
ORD00190,2025-04-04,1068.66,INR,0.0
ORD00191,2025-04-19,4700.0,INR,0.0
ORD00192,2025-07-14,1926.81,INR,0.0
ORD00193,2025-08-04,622.86,INR,0.0
ORD00194,2025-01-10,2416.68,INR,0.0
ORD00195,2025-06-29,602.93,INR,0.0
ORD00196,2025-11-30,546.54,INR,0.0
ORD00197,2025-05-07,530.57,INR,0.0
ORD00198,2025-03-20,1210.34,INR,0.0
ORD00199,2025-02-28,3743.72,INR,0.0
ORD00200,2025-12-25,1053.34,INR,0.0
ORD00201,2025-11-07,7983.41,INR,0.0
ORD00202,2025-02-28,12456.49,INR,0.0
ORD00203,2025-06-09,538.52,INR,0.0
ORD00204,2025-06-09,9264.21,INR,0.0
ORD00205,2025-07-12,1572.52,INR,0.0
ORD00206,2025-02-08,8644.57,INR,0.0
ORD00207,2025-05-05,1658.72,INR,0.0
ORD00208,2025-12-17,2968.44,INR,0.0
ORD00209,2025-10-17,15208.06,INR,0.0
ORD00210,2025-08-08,2551.65,INR,0.0
ORD00211,2025-11-28,1774.36,INR,0.0
ORD00212,2025-09-08,1941.18,INR,0.0
ORD00213,2025-11-22,16896.09,INR,0.0
ORD00214,2025-03-20,7870.36,INR,0.0
ORD00215,2025-11-30,1712.3,INR,0.0
ORD00216,2025-10-03,16973.11,INR,0.0
ORD00217,2025-10-31,1777.57,INR,0.0
ORD00218,2025-02-14,1176.2,INR,0.0
ORD00219,2025-08-26,7345.51,INR,0.0
ORD00220,2025-06-22,1776.43,INR,0.0
ORD00221,2025-04-04,4838.6,INR,0.0
ORD00222,2025-05-13,1820.48,INR,0.0
ORD00223,2025-12-26,18336.87,INR,0.0
ORD00224,2025-09-22,11284.19,INR,0.0
ORD00225,2025-07-28,8065.32,INR,0.0
ORD00226,2025-12-20,7694.74,INR,0.0
ORD00227,2025-08-18,11395.8,INR,0.0
ORD00228,2025-04-24,3946.44,INR,0.0
ORD00229,2025-12-06,5786.08,INR,0.0
ORD00230,2025-09-29,1994.95,INR,0.0
ORD00231,2025-10-09,1554.28,INR,0.0
ORD00232,2025-05-19,845.81,INR,0.0
ORD00233,2025-04-09,1614.32,INR,0.0
ORD00234,2025-12-20,824.58,INR,0.0
ORD00235,2025-09-05,1384.38,INR,0.0
ORD00236,2025-09-26,9844.09,INR,0.0
ORD00237,2025-04-10,1041.32,INR,0.0
ORD00238,2025-06-04,1301.2,INR,0.0
ORD00239,2025-05-21,581.79,INR,0.0
ORD00240,2025-05-30,3010.24,INR,0.0
ORD00241,2025-09-09,518.4,INR,0.0
ORD00242,2025-05-26,5523.75,INR,0.0
ORD00243,2025-04-05,31311.96,INR,0.0
ORD00244,2025-09-02,598.02,INR,0.0
ORD00245,2025-09-09,1444.17,INR,0.0
ORD00246,2025-01-28,1716.71,INR,0.0
ORD00247,2025-06-05,872.29,INR,0.0
ORD00248,2025-10-13,19094.76,INR,0.0
ORD00249,2025-11-13,1283.86,INR,0.0
ORD00250,2025-08-19,14460.3,INR,0.0
ORD00251,2025-10-29,32634.51,INR,0.0
ORD00252,2025-11-14,1940.16,INR,0.0
ORD00253,2025-02-20,13116.82,INR,0.0
ORD00254,2025-04-19,621.78,INR,0.0
ORD00255,2025-05-03,612.6,INR,0.0
ORD00256,2025-01-02,7514.97,INR,0.0
ORD00257,2025-08-29,847.21,INR,0.0
ORD00258,2025-12-28,1789.41,INR,0.0
ORD00259,2025-02-06,9391.29,INR,0.0
ORD00260,2025-11-17,8431.25,INR,0.0
ORD00261,2025-04-12,6356.5,INR,0.0
ORD00262,2025-11-28,898.45,INR,0.0
ORD00263,2025-03-14,748.88,INR,0.0
ORD00264,2025-06-07,8593.92,INR,0.0
ORD00265,2025-05-28,5749.58,INR,0.0
ORD00266,2025-06-05,9541.41,INR,0.0
ORD00267,2025-09-14,5502.07,INR,0.0
ORD00268,2025-11-03,1148.04,INR,0.0
ORD00269,2025-06-15,2206.92,INR,0.0
ORD00270,2025-04-28,45898.97,INR,0.0
ORD00271,2025-10-22,2165.96,INR,0.0
ORD00272,2025-12-11,18643.7,INR,0.0
ORD00273,2025-03-31,7212.08,INR,0.0
ORD00274,2025-05-23,1377.99,INR,0.0
ORD00275,2025-11-22,24535.83,INR,0.0
ORD00276,2025-08-29,999.96,INR,0.0
ORD00277,2025-12-10,741.24,INR,0.0
ORD00278,2025-07-30,4305.74,INR,0.0
ORD00279,2025-07-25,18251.45,INR,0.0
ORD00280,2025-08-21,878.6,INR,0.0
ORD00281,2025-03-01,35104.38,INR,0.0
ORD00282,2025-09-21,10017.27,INR,0.0
ORD00283,2025-10-05,2433.63,INR,0.0
ORD00284,2025-09-23,1634.66,INR,0.0
ORD00285,2025-11-17,2412.89,INR,0.0
ORD00286,2025-05-17,9421.38,INR,0.0
ORD00287,2025-08-13,17270.68,INR,0.0
ORD00288,2025-01-15,40221.79,INR,0.0
ORD00289,2025-05-03,4486.0,INR,0.0
ORD00290,2025-01-08,2745.67,INR,0.0
ORD00291,2025-02-28,2939.73,INR,0.0
ORD00292,2025-03-20,7732.83,INR,0.0
ORD00293,2025-09-18,5323.92,INR,0.0
ORD00294,2025-09-05,31093.27,INR,0.0
ORD00295,2025-10-10,785.92,INR,0.0
ORD00296,2025-11-03,9034.61,INR,0.0
ORD00297,2025-02-05,1685.01,INR,0.0
ORD00298,2025-08-01,1681.58,INR,0.0
ORD00299,2025-05-17,14242.58,INR,0.0
ORD00300,2025-06-02,18698.85,INR,0.0
ORD00301,2025-12-04,3188.76,INR,0.0
ORD00302,2025-10-03,4659.52,INR,0.0
ORD00303,2025-10-06,1899.28,INR,0.0
ORD00304,2025-04-07,30970.14,INR,0.0
ORD00305,2025-07-16,1663.32,INR,0.0
ORD00306,2025-01-23,1209.46,INR,0.0
ORD00307,2025-07-15,1495.53,INR,0.0
ORD00308,2025-11-30,37383.22,INR,0.0
ORD00309,2025-01-19,1948.03,INR,0.0
ORD00310,2025-06-19,23112.86,INR,0.0
ORD00311,2025-08-14,1865.66,INR,0.0
ORD00312,2025-01-08,5279.83,INR,0.0
ORD00313,2025-12-02,26870.71,INR,0.0
ORD00314,2025-05-16,1539.06,INR,0.0
ORD00315,2025-11-29,992.85,INR,0.0
ORD00316,2025-12-12,15700.14,INR,0.0
ORD00317,2025-06-12,9099.51,INR,0.0
ORD00318,2025-09-07,10538.49,INR,0.0
ORD00319,2025-02-05,1526.6,INR,0.0
ORD00320,2025-05-28,43669.16,INR,0.0
ORD00321,2025-08-11,44009.24,INR,0.0
ORD00322,2025-12-27,16655.18,INR,0.0
ORD00323,2025-12-22,543.42,INR,0.0
ORD00324,2025-06-16,14400.52,INR,0.0
ORD00325,2025-07-11,3953.58,INR,0.0
ORD00326,2025-07-30,8340.16,INR,0.0
ORD00327,2025-03-29,1414.24,INR,0.0
ORD00328,2025-07-15,3926.64,INR,0.0
ORD00329,2025-10-26,1191.72,INR,0.0
ORD00330,2025-05-11,7334.73,INR,0.0
ORD00331,2025-08-27,20164.16,INR,0.0
ORD00332,2025-03-22,1917.85,INR,0.0
ORD00333,2025-10-28,1943.04,INR,0.0
ORD00334,2025-12-20,1767.96,INR,0.0
ORD00335,2025-04-12,46333.39,INR,0.0
ORD00336,2025-02-24,1357.88,INR,0.0
ORD00337,2025-10-22,1548.92,INR,0.0
ORD00338,2025-01-12,41455.75,INR,0.0
ORD00339,2025-05-21,1797.6,INR,0.0
ORD00340,2025-01-26,21177.58,INR,0.0
ORD00341,2025-05-27,13451.78,INR,0.0
ORD00342,2025-06-30,785.2,INR,0.0
ORD00343,2025-05-09,7767.43,INR,0.0
ORD00344,2025-12-04,3094.23,INR,0.0
ORD00345,2025-02-19,19695.11,INR,0.0
ORD00346,2025-06-08,10500.47,INR,0.0
ORD00347,2025-07-06,2721.07,INR,0.0
ORD00348,2025-06-01,1123.25,INR,0.0
ORD00349,2025-04-13,1309.11,INR,0.0
ORD00350,2025-07-07,9307.9,INR,0.0
ORD00351,2025-03-26,1737.03,INR,0.0
ORD00352,2025-09-04,32378.54,INR,0.0
ORD00353,2025-06-23,17024.97,INR,0.0
ORD00354,2025-02-08,1949.75,INR,0.0
ORD00355,2025-12-13,9839.54,INR,0.0
ORD00356,2025-10-13,1686.02,INR,0.0
ORD00357,2025-01-08,685.38,INR,0.0
ORD00358,2025-07-08,7378.73,INR,0.0
ORD00359,2025-10-27,1457.82,INR,0.0
ORD00360,2025-07-10,850.73,INR,0.0
ORD00361,2025-01-13,9545.35,INR,0.0
ORD00362,2025-06-17,13320.51,INR,0.0
ORD00363,2025-02-02,5714.14,INR,0.0
ORD00364,2025-12-25,1112.44,INR,0.0
ORD00365,2025-03-13,555.82,INR,0.0
ORD00366,2025-09-10,852.2,INR,0.0
ORD00367,2025-10-03,1180.47,INR,0.0
ORD00368,2025-12-10,20447.26,INR,0.0
ORD00369,2025-10-04,7938.15,INR,0.0
ORD00370,2025-03-21,19823.83,INR,0.0
ORD00371,2025-09-08,9512.42,INR,0.0
ORD00372,2025-05-24,1055.79,INR,0.0
ORD00373,2025-08-16,3888.9,INR,0.0
ORD00374,2025-07-05,1528.52,INR,0.0
ORD00375,2025-10-06,19672.4,INR,0.0
ORD00376,2025-02-01,784.71,INR,0.0
ORD00377,2025-03-04,22362.87,INR,0.0
ORD00378,2025-02-16,7133.64,INR,0.0
ORD00379,2025-11-02,26264.46,INR,0.0
ORD00380,2025-06-20,688.89,INR,0.0
ORD00381,2025-10-17,1744.73,INR,0.0
ORD00382,2025-10-11,823.93,INR,0.0
ORD00383,2025-04-30,721.33,INR,0.0
ORD00384,2025-11-02,1787.61,INR,0.0
ORD00385,2025-03-16,38505.39,INR,0.0
ORD00386,2025-03-31,1799.67,INR,0.0
ORD00387,2025-03-09,1684.98,INR,0.0
ORD00388,2025-05-02,2126.25,INR,0.0
ORD00389,2025-05-16,1612.58,INR,0.0
ORD00390,2025-09-27,595.34,INR,0.0
ORD00391,2025-08-18,17698.57,INR,0.0
ORD00392,2025-02-25,3772.4,INR,0.0
ORD00393,2025-11-11,1674.84,INR,0.0
ORD00394,2025-12-04,5664.34,INR,0.0
ORD00395,2025-01-16,1218.47,INR,0.0
ORD00396,2025-07-25,2863.69,INR,0.0
ORD00397,2025-12-31,11102.36,INR,0.0
ORD00398,2025-02-11,722.5,INR,0.0
ORD00399,2025-03-06,1449.62,INR,0.0
ORD00400,2025-10-08,5047.24,INR,0.0
ORD00401,2025-11-02,5629.72,INR,0.0
ORD00402,2025-11-06,8344.77,INR,0.0
ORD00403,2025-02-28,19763.75,INR,0.0
ORD00404,2025-10-10,3720.18,INR,0.0
ORD00405,2025-08-20,16207.2,INR,0.0
ORD00406,2025-08-21,1594.42,INR,0.0
ORD00407,2025-06-10,7320.86,INR,0.0
ORD00408,2025-07-11,42170.53,INR,0.0
ORD00409,2025-08-31,1747.66,INR,0.0
ORD00410,2025-02-17,7956.71,INR,0.0
ORD00411,2025-07-10,18345.56,INR,0.0
ORD00412,2025-10-28,39042.08,INR,0.0
ORD00413,2025-12-10,1030.4,INR,0.0
ORD00414,2025-12-07,16344.05,INR,0.0
ORD00415,2025-01-27,40010.25,INR,0.0
ORD00416,2025-06-30,1261.12,INR,0.0
ORD00417,2025-03-21,3793.96,INR,0.0
ORD00418,2025-02-25,1334.4,INR,0.0
ORD00419,2025-02-28,18611.5,INR,0.0
ORD00420,2025-08-08,24618.2,INR,0.0
ORD00421,2025-11-15,7141.59,INR,0.0
ORD00422,2025-01-14,7262.65,INR,0.0
ORD00423,2025-12-22,770.62,INR,0.0
ORD00424,2025-12-26,23823.06,INR,0.0
ORD00425,2025-06-29,1804.79,INR,0.0
ORD00426,2025-10-17,2556.68,INR,0.0
ORD00427,2025-11-21,27293.94,INR,0.0
ORD00428,2025-09-29,1129.75,INR,0.0
ORD00429,2025-06-24,967.46,INR,0.0
ORD00430,2025-06-16,18513.9,INR,0.0
ORD00431,2025-02-13,12333.7,INR,0.0
ORD00432,2025-11-13,622.37,INR,0.0
ORD00433,2025-08-15,5885.29,INR,0.0
ORD00434,2025-08-15,3724.55,INR,0.0
ORD00435,2025-09-20,1144.87,INR,0.0
ORD00436,2025-05-26,6745.07,INR,0.0
ORD00437,2025-09-27,2363.34,INR,0.0
ORD00438,2025-07-22,26369.55,INR,0.0
ORD00439,2025-04-15,816.85,INR,0.0
ORD00440,2025-03-12,14341.71,INR,0.0
ORD00441,2025-03-03,1620.52,INR,0.0
ORD00442,2025-03-31,1298.87,INR,0.0
ORD00443,2025-04-28,8666.83,INR,0.0
ORD00444,2025-07-01,1792.65,INR,0.0
ORD00445,2025-01-22,5678.03,INR,0.0
ORD00446,2025-02-09,18636.39,INR,0.0
ORD00447,2025-10-21,7121.13,INR,0.0
ORD00448,2025-05-29,531.28,INR,0.0
ORD00449,2025-06-16,1921.42,INR,0.0
ORD00450,2025-08-24,23796.55,INR,0.0
ORD00451,2025-02-15,2846.91,INR,0.0
ORD00452,2025-08-12,6191.7,INR,0.0
ORD00453,2025-07-22,21187.07,INR,0.0
ORD00454,2025-04-24,752.2,INR,0.0
ORD00455,2025-09-19,6244.84,INR,0.0
ORD00456,2025-04-10,15240.63,INR,0.0
ORD00457,2025-11-27,13544.03,INR,0.0
ORD00458,2025-03-16,760.25,INR,0.0
ORD00459,2025-03-20,19832.64,INR,0.0
ORD00460,2025-04-01,40698.72,INR,0.0
ORD00461,2025-08-26,21398.16,INR,0.0
ORD00462,2025-08-18,9056.39,INR,0.0
ORD00463,2025-11-26,6996.17,INR,0.0
ORD00464,2025-11-18,1159.64,INR,0.0
ORD00465,2025-08-29,4422.56,INR,0.0
ORD00466,2025-05-21,4815.54,INR,0.0
ORD00467,2025-02-07,1177.87,INR,0.0
ORD00468,2025-01-30,930.62,INR,0.0
ORD00469,2025-11-27,22829.4,INR,0.0
ORD00470,2025-11-11,5075.86,INR,0.0
ORD00471,2025-10-25,8334.54,INR,0.0
ORD00472,2025-01-22,8478.53,INR,0.0
ORD00473,2025-11-30,1407.51,INR,0.0
ORD00474,2025-09-14,592.81,INR,0.0
ORD00475,2025-02-22,22560.66,INR,0.0
ORD00476,2025-02-13,3380.47,INR,0.0
ORD00477,2025-05-07,9927.89,INR,0.0
ORD00478,2025-09-26,3269.97,INR,0.0
ORD00479,2025-07-10,15811.25,INR,0.0
ORD00480,2025-06-23,2418.92,INR,0.0
ORD00481,2025-11-20,2527.29,INR,0.0
ORD00482,2025-02-18,5092.51,INR,0.0
ORD00483,2025-05-10,7252.51,INR,0.0
ORD00484,2025-11-05,15000.43,INR,0.0
ORD00485,2025-10-26,9333.97,INR,0.0
ORD00486,2025-06-08,42462.0,INR,0.0
ORD00487,2025-07-20,1563.25,INR,0.0
ORD00488,2025-02-13,1065.02,INR,0.0
ORD00489,2025-06-18,20051.75,INR,0.0
ORD00490,2025-12-17,11401.79,INR,0.0
ORD00491,2025-12-10,4894.62,INR,0.0
ORD00492,2025-07-05,1926.75,INR,0.0
ORD00493,2025-06-24,17294.06,INR,0.0
ORD00494,2025-04-26,28873.63,INR,0.0
ORD00495,2025-06-01,11517.11,INR,0.0
ORD00496,2025-10-04,23255.23,INR,0.0
ORD00497,2025-01-20,9011.14,INR,0.0
ORD00498,2025-11-13,1065.08,INR,0.0
ORD00499,2025-03-25,1539.27,INR,0.0
ORD00500,2025-11-16,12483.09,INR,0.0
ORD00501,2025-08-13,1046.45,INR,0.0
ORD00502,2025-05-02,40264.89,INR,0.0
ORD00503,2025-08-18,858.75,INR,0.0
ORD00504,2025-08-29,12910.24,INR,0.0
ORD00505,2025-12-14,24766.6,INR,0.0
ORD00506,2025-08-25,21671.86,INR,0.0
ORD00507,2025-09-15,9730.15,INR,0.0
ORD00508,2025-04-13,12075.98,INR,0.0
ORD00509,2025-05-09,1220.89,INR,0.0
ORD00510,2025-07-10,2820.72,INR,0.0
ORD00511,2025-09-22,14275.95,INR,0.0
ORD00512,2025-03-24,1857.96,INR,0.0
ORD00513,2025-03-17,11375.7,INR,0.0
ORD00514,2025-04-24,23269.45,INR,0.0
ORD00515,2025-01-14,5171.63,INR,0.0
ORD00516,2025-07-11,1991.79,INR,0.0
ORD00517,2025-07-11,978.03,INR,0.0
ORD00518,2025-02-20,19749.41,INR,0.0
ORD00519,2025-03-16,930.32,INR,0.0
ORD00520,2025-08-30,3110.34,INR,0.0
ORD00521,2025-12-28,6922.79,INR,0.0
ORD00522,2025-02-10,823.48,INR,0.0
ORD00523,2025-03-18,7817.88,INR,0.0
ORD00524,2025-09-28,8209.38,INR,0.0
ORD00525,2025-05-02,571.62,INR,0.0
ORD00526,2025-08-03,6982.48,INR,0.0
ORD00527,2025-02-02,1857.72,INR,0.0
ORD00528,2025-11-02,7055.64,INR,0.0
ORD00529,2025-10-22,715.37,INR,0.0
ORD00530,2025-08-08,1029.22,INR,0.0
ORD00531,2025-10-20,7314.97,INR,0.0
ORD00532,2025-02-13,4884.83,INR,0.0
ORD00533,2025-09-27,8291.3,INR,0.0
ORD00534,2025-09-17,5123.63,INR,0.0
ORD00535,2025-08-29,1080.32,INR,0.0
ORD00536,2025-07-11,524.36,INR,0.0
ORD00537,2025-02-04,1599.41,INR,0.0
ORD00538,2025-11-18,1372.85,INR,0.0
ORD00539,2025-06-20,1028.45,INR,0.0
ORD00540,2025-06-23,12626.34,INR,0.0
ORD00541,2025-12-17,7563.11,INR,0.0
ORD00542,2025-11-20,702.28,INR,0.0
ORD00543,2025-08-23,802.39,INR,0.0
ORD00544,2025-04-13,14733.94,INR,0.0
ORD00545,2025-06-08,9912.98,INR,0.0
ORD00546,2025-10-06,2292.97,INR,0.0
ORD00547,2025-11-28,1035.46,INR,0.0
ORD00548,2025-01-25,14978.87,INR,0.0
ORD00549,2025-03-05,16554.27,INR,0.0
ORD00550,2025-07-24,9157.1,INR,0.0
ORD00551,2025-07-17,780.23,INR,0.0
ORD00552,2025-12-21,9394.48,INR,0.0
ORD00553,2025-09-23,623.92,INR,0.0
ORD00554,2025-08-06,1403.68,INR,0.0
ORD00555,2025-04-03,4569.69,INR,0.0
ORD00556,2025-02-10,943.46,INR,0.0
ORD00557,2025-08-17,5408.93,INR,0.0
ORD00558,2025-12-20,5577.04,INR,0.0
ORD00559,2025-06-30,5479.52,INR,0.0
ORD00560,2025-11-24,48697.61,INR,0.0
ORD00561,2025-02-08,5249.68,INR,0.0
ORD00562,2025-09-20,20191.16,INR,0.0
ORD00563,2025-01-16,1411.36,INR,0.0
ORD00564,2025-08-13,600.85,INR,0.0
ORD00565,2025-11-27,1074.28,INR,0.0
ORD00566,2025-10-18,730.16,INR,0.0
ORD00567,2025-08-19,15580.2,INR,0.0
ORD00568,2025-02-09,6235.68,INR,0.0
ORD00569,2025-07-23,918.03,INR,0.0
ORD00570,2025-02-28,779.07,INR,0.0
ORD00571,2025-09-23,1342.51,INR,0.0
ORD00572,2025-05-15,20560.57,INR,0.0
ORD00573,2025-04-20,32139.42,INR,0.0
ORD00574,2025-09-09,703.59,INR,0.0
ORD00575,2025-02-07,9189.43,INR,0.0
ORD00576,2025-08-16,45262.83,INR,0.0
ORD00577,2025-06-13,7676.32,INR,0.0
ORD00578,2025-10-09,9130.65,INR,0.0
ORD00579,2025-03-22,9418.6,INR,0.0
ORD00580,2025-11-23,1042.24,INR,0.0
ORD00581,2025-04-25,801.47,INR,0.0
ORD00582,2025-03-13,1241.03,INR,0.0
ORD00583,2025-07-04,4951.29,INR,0.0
ORD00584,2025-10-10,1826.37,INR,0.0
ORD00585,2025-02-03,1999.39,INR,0.0
ORD00586,2025-09-03,8153.32,INR,0.0
ORD00587,2025-10-22,1958.57,INR,0.0
ORD00588,2025-11-25,1198.75,INR,0.0
ORD00589,2025-09-22,1816.94,INR,0.0
ORD00590,2025-10-10,3455.71,INR,0.0
ORD00591,2025-03-08,9285.7,INR,0.0
ORD00592,2025-01-29,17771.53,INR,0.0
ORD00593,2025-06-05,983.99,INR,0.0
ORD00594,2025-12-30,1921.22,INR,0.0
ORD00595,2025-09-23,22689.01,INR,0.0
ORD00596,2025-05-09,1934.53,INR,0.0
ORD00597,2025-05-21,954.24,INR,0.0
ORD00598,2025-10-01,1461.48,INR,0.0
ORD00599,2025-10-31,12312.91,INR,0.0
ORD00600,2025-12-04,9216.01,INR,0.0
ORD00601,2025-06-22,18454.27,INR,0.0
ORD00602,2025-01-15,1922.82,INR,0.0
ORD00603,2025-10-23,816.21,INR,0.0
ORD00604,2025-10-20,7111.93,INR,0.0
ORD00605,2025-09-12,18183.66,INR,0.0
ORD00606,2025-11-25,37073.62,INR,0.0
ORD00607,2025-12-17,5628.35,INR,0.0
ORD00608,2025-12-19,1159.41,INR,0.0
ORD00609,2025-09-05,4721.54,INR,0.0
ORD00610,2025-03-15,1577.54,INR,0.0
ORD00611,2025-06-26,28269.15,INR,0.0
ORD00612,2025-07-09,2849.47,INR,0.0
ORD00613,2025-05-04,4139.77,INR,0.0
ORD00614,2025-05-07,575.91,INR,0.0
ORD00615,2025-07-16,16272.02,INR,0.0
ORD00616,2025-03-23,24006.27,INR,0.0
ORD00617,2025-06-10,739.01,INR,0.0
ORD00618,2025-09-21,9032.61,INR,0.0
ORD00619,2025-09-12,1917.85,INR,0.0
ORD00620,2025-09-16,3925.83,INR,0.0
ORD00621,2025-10-26,575.81,INR,0.0
ORD00622,2025-09-11,8742.8,INR,0.0
ORD00623,2025-12-11,6293.53,INR,0.0
ORD00624,2025-02-25,9059.65,INR,0.0
ORD00625,2025-07-07,15489.06,INR,0.0
ORD00626,2025-07-25,1342.73,INR,0.0
ORD00627,2025-07-05,2588.25,INR,0.0
ORD00628,2025-09-16,6398.86,INR,0.0
ORD00629,2025-11-16,2950.49,INR,0.0
ORD00630,2025-02-19,1692.35,INR,0.0
ORD00631,2025-06-23,4924.85,INR,0.0
ORD00632,2025-03-15,1263.68,INR,0.0
ORD00633,2025-09-14,558.37,INR,0.0
ORD00634,2025-06-20,17789.99,INR,0.0
ORD00635,2025-03-18,6124.05,INR,0.0
ORD00636,2025-06-17,14777.95,INR,0.0
ORD00637,2025-07-21,43482.98,INR,0.0
ORD00638,2025-06-03,6058.52,INR,0.0
ORD00639,2025-09-18,7669.92,INR,0.0
ORD00640,2025-06-03,2133.1,INR,0.0
ORD00641,2025-06-19,9839.18,INR,0.0
ORD00642,2025-10-26,1848.15,INR,0.0
ORD00643,2025-12-19,6775.28,INR,0.0
ORD00644,2025-05-16,44572.6,INR,0.0
ORD00645,2025-10-24,7771.2,INR,0.0
ORD00646,2025-10-26,6193.86,INR,0.0
ORD00647,2025-11-14,15702.86,INR,0.0
ORD00648,2025-12-15,1358.86,INR,0.0
ORD00649,2025-12-25,528.41,INR,0.0
ORD00650,2025-06-10,5303.68,INR,0.0
ORD00651,2025-04-15,8199.78,INR,0.0
ORD00652,2025-08-30,21037.56,INR,0.0
ORD00653,2025-02-01,6149.47,INR,0.0
ORD00654,2025-10-15,1493.34,INR,0.0
ORD00655,2025-09-27,1935.03,INR,0.0
ORD00656,2025-08-24,15134.91,INR,0.0
ORD00657,2025-07-01,8941.24,INR,0.0
ORD00658,2025-12-15,7546.51,INR,0.0
ORD00659,2025-11-09,9658.7,INR,0.0
ORD00660,2025-05-23,3798.94,INR,0.0
ORD00661,2025-06-02,20573.51,INR,0.0
ORD00662,2025-12-20,4536.33,INR,0.0
ORD00663,2025-06-28,9475.88,INR,0.0
ORD00664,2025-05-21,1360.22,INR,0.0
ORD00665,2025-10-06,1970.24,INR,0.0
ORD00666,2025-06-26,45115.4,INR,0.0
ORD00667,2025-05-29,1932.97,INR,0.0
ORD00668,2025-02-10,1163.56,INR,0.0
ORD00669,2025-05-12,3711.89,INR,0.0
ORD00670,2025-10-03,1343.03,INR,0.0
ORD00671,2025-05-20,1423.52,INR,0.0
ORD00672,2025-10-28,576.15,INR,0.0
ORD00673,2025-09-29,849.25,INR,0.0
ORD00674,2025-02-21,7738.86,INR,0.0
ORD00675,2025-02-21,3099.74,INR,0.0
ORD00676,2025-10-09,28948.53,INR,0.0
ORD00677,2025-12-01,23175.99,INR,0.0
ORD00678,2025-09-02,8047.29,INR,0.0
ORD00679,2025-05-28,1468.85,INR,0.0
ORD00680,2025-02-15,3857.76,INR,0.0
ORD00681,2025-01-20,12625.97,INR,0.0
ORD00682,2025-04-01,10545.1,INR,0.0
ORD00683,2025-07-23,12794.67,INR,0.0
ORD00684,2025-05-29,10139.01,INR,0.0
ORD00685,2025-10-18,9427.64,INR,0.0
ORD00686,2025-06-21,1983.65,INR,0.0
ORD00687,2025-10-06,9114.08,INR,0.0
ORD00688,2025-03-10,17020.31,INR,0.0
ORD00689,2025-04-09,14960.26,INR,0.0
ORD00690,2025-08-23,7748.79,INR,0.0
ORD00691,2025-01-08,8326.14,INR,0.0
ORD00692,2025-10-18,3545.29,INR,0.0
ORD00693,2025-11-09,23455.64,INR,0.0
ORD00694,2025-08-07,2693.9,INR,0.0
ORD00695,2025-12-09,1972.53,INR,0.0
ORD00696,2025-09-02,872.07,INR,0.0
ORD00697,2025-05-14,1170.1,INR,0.0
ORD00698,2025-05-17,32548.65,INR,0.0
ORD00699,2025-10-21,1480.53,INR,0.0
ORD00700,2025-12-21,1501.68,INR,0.0
ORD00701,2025-08-27,1108.12,INR,0.0
ORD00702,2025-09-15,23317.02,INR,0.0
ORD00703,2025-06-09,7109.69,INR,0.0
ORD00704,2025-06-01,831.27,INR,0.0
ORD00705,2025-03-10,5639.83,INR,0.0
ORD00706,2025-11-07,1552.91,INR,0.0
ORD00707,2025-08-30,22029.92,INR,0.0
ORD00708,2025-04-22,20205.13,INR,0.0
ORD00709,2025-11-02,11228.05,INR,0.0
ORD00710,2025-08-17,4894.28,INR,0.0
ORD00711,2025-10-16,1743.16,INR,0.0
ORD00712,2025-09-16,1304.99,INR,0.0
ORD00713,2025-03-26,1280.51,INR,0.0
ORD00714,2025-03-01,7735.34,INR,0.0
ORD00715,2025-09-08,1265.56,INR,0.0
ORD00716,2025-01-29,6105.98,INR,0.0
ORD00717,2025-08-22,6470.38,INR,0.0
ORD00718,2025-12-11,20849.2,INR,0.0
ORD00719,2025-07-22,504.52,INR,0.0
ORD00720,2025-04-22,2362.32,INR,0.0
ORD00721,2025-06-26,6329.31,INR,0.0
ORD00722,2025-01-31,11035.29,INR,0.0
ORD00723,2025-08-30,1113.3,INR,0.0
ORD00724,2025-03-11,24675.0,INR,0.0
ORD00725,2025-11-27,34361.52,INR,0.0
ORD00726,2025-07-15,9336.92,INR,0.0
ORD00727,2025-07-13,1524.1,INR,0.0
ORD00728,2025-12-05,11994.85,INR,0.0
ORD00729,2025-06-28,1989.27,INR,0.0
ORD00730,2025-07-21,7822.87,INR,0.0
ORD00731,2025-04-25,21342.69,INR,0.0
ORD00732,2025-06-02,7752.75,INR,0.0
ORD00733,2025-08-06,8586.88,INR,0.0
ORD00734,2025-05-07,3240.97,INR,0.0
ORD00735,2025-04-07,20875.36,INR,0.0
ORD00736,2025-02-27,1490.3,INR,0.0
ORD00737,2025-11-11,23256.35,INR,0.0
ORD00738,2025-01-09,600.94,INR,0.0
ORD00739,2025-11-01,1396.68,INR,0.0
ORD00740,2025-12-27,13671.01,INR,0.0
ORD00741,2025-01-23,3874.71,INR,0.0
ORD00742,2025-04-22,21640.95,INR,0.0
ORD00743,2025-03-13,4314.11,INR,0.0
ORD00744,2025-10-22,1396.88,INR,0.0
ORD00745,2025-12-11,13553.56,INR,0.0
ORD00746,2025-03-15,38031.28,INR,0.0
ORD00747,2025-07-31,591.44,INR,0.0
ORD00748,2025-10-30,23673.66,INR,0.0
ORD00749,2025-11-17,6446.81,INR,0.0
ORD00750,2025-01-25,48539.66,INR,0.0
ORD00751,2025-12-10,1286.69,INR,0.0
ORD00752,2025-12-23,3193.74,INR,0.0
ORD00753,2025-07-12,1306.89,INR,0.0
ORD00754,2025-05-04,14511.05,INR,0.0
ORD00755,2025-12-29,1194.54,INR,0.0
ORD00756,2025-01-30,9742.29,INR,0.0
ORD00757,2025-10-13,5107.35,INR,0.0
ORD00758,2025-05-11,1470.06,INR,0.0
ORD00759,2025-08-19,11386.96,INR,0.0
ORD00760,2025-04-08,1065.75,INR,0.0
ORD00761,2025-11-06,8988.96,INR,0.0
ORD00762,2025-04-07,18813.76,INR,0.0
ORD00763,2025-12-10,5835.15,INR,0.0
ORD00764,2025-06-20,1863.49,INR,0.0
ORD00765,2025-04-19,24431.16,INR,0.0
ORD00766,2025-03-02,8034.65,INR,0.0
ORD00767,2025-05-05,7630.15,INR,0.0
ORD00768,2025-07-23,18281.19,INR,0.0
ORD00769,2025-05-25,1300.48,INR,0.0
ORD00770,2025-07-03,1039.47,INR,0.0
ORD00771,2025-09-12,8422.53,INR,0.0
ORD00772,2025-08-29,14803.5,INR,0.0
ORD00773,2025-04-15,1120.9,INR,0.0
ORD00774,2025-10-16,21118.79,INR,0.0
ORD00775,2025-01-09,1902.14,INR,0.0
ORD00776,2025-10-24,4361.54,INR,0.0
ORD00777,2025-04-11,1069.76,INR,0.0
ORD00778,2025-05-06,7236.86,INR,0.0
ORD00779,2025-12-17,1645.04,INR,0.0
ORD00780,2025-09-08,41042.36,INR,0.0
ORD00781,2025-09-09,7862.18,INR,0.0
ORD00782,2025-06-30,1580.47,INR,0.0
ORD00783,2025-09-08,1834.05,INR,0.0
ORD00784,2025-11-25,38098.61,INR,0.0
ORD00785,2025-02-08,20023.23,INR,0.0
ORD00786,2025-01-04,8740.36,INR,0.0
ORD00787,2025-04-29,726.54,INR,0.0
ORD00788,2025-04-22,4985.61,INR,0.0
ORD00789,2025-11-13,9471.23,INR,0.0
ORD00790,2025-09-05,2125.85,INR,0.0
ORD00791,2025-09-30,2094.81,INR,0.0
ORD00792,2025-09-29,6285.9,INR,0.0
ORD00793,2025-05-27,1719.74,INR,0.0
ORD00794,2025-12-12,9517.7,INR,0.0
ORD00795,2025-04-02,644.47,INR,0.0
ORD00796,2025-03-18,1429.67,INR,0.0
ORD00797,2025-05-10,14009.87,INR,0.0
ORD00798,2025-07-23,1938.95,INR,0.0
ORD00799,2025-08-24,9921.86,INR,0.0
ORD00800,2025-04-26,1742.09,INR,0.0
ORD00801,2025-02-11,8865.75,INR,0.0
ORD00802,2025-01-17,1068.9,INR,0.0
ORD00803,2025-10-10,7093.98,INR,0.0
ORD00804,2025-12-26,1249.79,INR,0.0
ORD00805,2025-08-11,4650.16,INR,0.0
ORD00806,2025-02-18,23787.28,INR,0.0
ORD00807,2025-04-28,1802.18,INR,0.0
ORD00808,2025-10-18,2372.5,INR,0.0
ORD00809,2025-02-08,4242.98,INR,0.0
ORD00810,2025-10-06,2263.21,INR,0.0
ORD00811,2025-06-11,810.74,INR,0.0
ORD00812,2025-03-15,20690.67,INR,0.0
ORD00813,2025-07-23,14489.15,INR,0.0
ORD00814,2025-10-16,1751.98,INR,0.0
ORD00815,2025-07-19,6324.5,INR,0.0
ORD00816,2025-07-16,12099.26,INR,0.0
ORD00817,2025-12-19,6006.34,INR,0.0
ORD00818,2025-06-27,1155.63,INR,0.0
ORD00819,2025-02-08,1653.51,INR,0.0
ORD00820,2025-11-01,1660.33,INR,0.0
ORD00821,2025-01-16,8268.39,INR,0.0
ORD00822,2025-08-19,4846.49,INR,0.0
ORD00823,2025-07-12,7437.56,INR,0.0
ORD00824,2025-12-05,1658.25,INR,0.0
ORD00825,2025-06-01,20696.63,INR,0.0
ORD00826,2025-02-12,1070.0,INR,0.0
ORD00827,2025-11-21,1084.43,INR,0.0
ORD00828,2025-07-04,507.79,INR,0.0
ORD00829,2025-06-07,8090.77,INR,0.0
ORD00830,2025-02-22,781.09,INR,0.0
ORD00831,2025-08-18,6099.53,INR,0.0
ORD00832,2025-02-22,1030.87,INR,0.0
ORD00833,2025-02-17,8275.51,INR,0.0
ORD00834,2025-07-17,1120.72,INR,0.0
ORD00835,2025-02-13,6476.29,INR,0.0
ORD00836,2025-05-05,3356.66,INR,0.0
ORD00837,2025-07-14,903.38,INR,0.0
ORD00838,2025-05-18,2506.14,INR,0.0
ORD00839,2025-08-11,949.63,INR,0.0
ORD00840,2025-02-09,1916.33,INR,0.0
ORD00841,2025-11-17,6933.35,INR,0.0
ORD00842,2025-08-23,956.99,INR,0.0
ORD00843,2025-07-22,1430.29,INR,0.0
ORD00844,2025-06-18,5444.93,INR,0.0
ORD00845,2025-11-30,28403.11,INR,0.0
ORD00846,2025-06-14,7562.34,INR,0.0
ORD00847,2025-09-03,1946.86,INR,0.0
ORD00848,2025-06-13,1542.44,INR,0.0
ORD00849,2025-09-09,44549.36,INR,0.0
ORD00850,2025-06-16,1724.74,INR,0.0
ORD00851,2025-07-21,1898.1,INR,0.0
ORD00852,2025-04-13,6365.03,INR,0.0
ORD00853,2025-12-16,10403.74,INR,0.0
ORD00854,2025-08-25,13144.73,INR,0.0
ORD00855,2025-05-30,11037.38,INR,0.0
ORD00856,2025-07-29,3113.43,INR,0.0
ORD00857,2025-06-05,1487.99,INR,0.0
ORD00858,2025-08-05,11109.48,INR,0.0
ORD00859,2025-11-03,5206.44,INR,0.0
ORD00860,2025-09-17,23044.51,INR,0.0
ORD00861,2025-08-03,8325.77,INR,0.0
ORD00862,2025-07-04,8498.38,INR,0.0
ORD00863,2025-11-01,2679.86,INR,0.0
ORD00864,2025-05-08,4840.07,INR,0.0
ORD00865,2025-11-28,6505.76,INR,0.0
ORD00866,2025-11-27,5196.94,INR,0.0
ORD00867,2025-06-19,35761.39,INR,0.0
ORD00868,2025-01-06,833.0,INR,0.0
ORD00869,2025-09-23,7501.32,INR,0.0
ORD00870,2025-04-24,5129.07,INR,0.0
ORD00871,2025-12-14,6003.73,INR,0.0
ORD00872,2025-06-26,37069.28,INR,0.0
ORD00873,2025-06-01,9693.82,INR,0.0
ORD00874,2025-03-01,20952.26,INR,0.0
ORD00875,2025-06-28,1183.0,INR,0.0
ORD00876,2025-04-16,4786.4,INR,0.0
ORD00877,2025-02-19,7574.11,INR,0.0
ORD00878,2025-06-13,567.02,INR,0.0
ORD00879,2025-12-30,1773.77,INR,0.0
ORD00880,2025-11-28,1700.08,INR,0.0
ORD00881,2025-05-05,6415.28,INR,0.0
ORD00882,2025-06-19,9667.7,INR,0.0
ORD00883,2025-04-29,19446.4,INR,0.0
ORD00884,2025-04-06,5457.08,INR,0.0
ORD00885,2025-01-15,9064.78,INR,0.0
ORD00886,2025-08-19,5110.69,INR,0.0
ORD00887,2025-12-27,917.52,INR,0.0
ORD00888,2025-12-27,10938.46,INR,0.0
ORD00889,2025-02-22,18053.34,INR,0.0
ORD00890,2025-07-07,1186.33,INR,0.0
ORD00891,2025-05-15,5915.87,INR,0.0
ORD00892,2025-11-24,1082.96,INR,0.0
ORD00893,2025-07-20,4783.4,INR,0.0
ORD00894,2025-08-23,8509.91,INR,0.0
ORD00895,2025-12-28,23780.24,INR,0.0
ORD00896,2025-10-30,700.92,INR,0.0
ORD00897,2025-03-02,675.42,INR,0.0
ORD00898,2025-07-11,6086.6,INR,0.0
ORD00899,2025-08-03,6598.45,INR,0.0
ORD00900,2025-08-05,1453.25,INR,0.0
ORD00901,2025-12-22,23960.42,INR,0.0
ORD00902,2025-03-30,5917.14,INR,0.0
ORD00903,2025-03-13,1762.98,INR,0.0
ORD00904,2025-11-14,1038.56,INR,0.0
ORD00905,2025-01-05,3561.03,INR,0.0
ORD00906,2025-07-16,37635.95,INR,0.0
ORD00907,2025-09-11,5933.81,INR,0.0
ORD00908,2025-12-30,17330.49,INR,0.0
ORD00909,2025-02-12,8367.05,INR,0.0
ORD00910,2025-04-23,912.28,INR,0.0
ORD00911,2025-10-03,1671.11,INR,0.0
ORD00912,2025-10-17,8127.36,INR,0.0
ORD00913,2025-10-09,6581.71,INR,0.0
ORD00914,2025-05-18,22349.24,INR,0.0
ORD00915,2025-07-07,8054.29,INR,0.0
ORD00916,2025-08-14,9918.21,INR,0.0
ORD00917,2025-02-22,7229.37,INR,0.0
ORD00918,2025-05-07,1998.97,INR,0.0
ORD00919,2025-08-19,1793.3,INR,0.0
ORD00920,2025-02-14,9951.66,INR,0.0
ORD00921,2025-05-02,1606.42,INR,0.0
ORD00922,2025-12-19,1566.13,INR,0.0
ORD00923,2025-11-20,6929.21,INR,0.0
ORD00924,2025-04-16,22081.61,INR,0.0
ORD00925,2025-10-19,921.63,INR,0.0
ORD00926,2025-10-03,1968.5,INR,0.0
ORD00927,2025-05-30,901.01,INR,0.0
ORD00928,2025-09-21,41982.48,INR,0.0
ORD00929,2025-02-18,1625.14,INR,0.0
ORD00930,2025-07-30,24887.29,INR,0.0
ORD00931,2025-12-02,1799.12,INR,0.0
ORD00932,2025-05-08,983.15,INR,0.0
ORD00933,2025-05-07,20143.52,INR,0.0
ORD00934,2025-09-08,1448.6,INR,0.0
ORD00935,2025-11-18,5615.93,INR,0.0
ORD00936,2025-11-21,21533.26,INR,0.0
ORD00937,2025-07-26,4225.81,INR,0.0
ORD00938,2025-07-08,5904.36,INR,0.0
ORD00939,2025-10-25,1661.2,INR,0.0
ORD00940,2025-02-17,5667.59,INR,0.0
ORD00941,2025-12-07,8800.85,INR,0.0
ORD00942,2025-10-01,1952.19,INR,0.0
ORD00943,2025-04-19,4582.92,INR,0.0
ORD00944,2025-05-26,1366.9,INR,0.0
ORD00945,2025-10-17,21824.55,INR,0.0
ORD00946,2025-12-16,10689.14,INR,0.0
ORD00947,2025-11-17,16893.73,INR,0.0
ORD00948,2025-03-05,12369.75,INR,0.0
ORD00949,2025-08-22,1937.05,INR,0.0
ORD00950,2025-04-14,47735.18,INR,0.0
ORD00951,2025-11-29,1811.64,INR,0.0
ORD00952,2025-05-21,1040.65,INR,0.0
ORD00953,2025-02-12,1855.7,INR,0.0
ORD00954,2025-03-26,1438.41,INR,0.0
ORD00955,2025-12-25,16438.46,INR,0.0
ORD00956,2025-02-16,2008.69,INR,0.0
ORD00957,2025-09-02,1390.52,INR,0.0
ORD00958,2025-09-23,2074.3,INR,0.0
ORD00959,2025-12-23,680.89,INR,0.0
ORD00960,2025-08-05,5821.6,INR,0.0
ORD00961,2025-04-28,1596.15,INR,0.0
ORD00962,2025-02-22,1051.34,INR,0.0
ORD00963,2025-06-03,1660.19,INR,0.0
ORD00964,2025-03-10,7417.1,INR,0.0
ORD00965,2025-02-05,2067.8,INR,0.0
ORD00966,2025-11-29,1026.78,INR,0.0
ORD00967,2025-04-20,3210.99,INR,0.0
ORD00968,2025-07-30,5539.07,INR,0.0
ORD00969,2025-04-22,650.7,INR,0.0
ORD00970,2025-03-05,5072.26,INR,0.0
ORD00971,2025-08-08,709.75,INR,0.0
ORD00972,2025-05-22,3985.34,INR,0.0
ORD00973,2025-11-04,6860.74,INR,0.0
ORD00974,2025-12-20,1770.61,INR,0.0
ORD00975,2025-06-04,1410.39,INR,0.0
ORD00976,2025-04-07,4364.34,INR,0.0
ORD00977,2025-01-28,21906.67,INR,0.0
ORD00978,2025-05-03,2901.95,INR,0.0
ORD00979,2025-09-13,2568.1,INR,0.0
ORD00980,2025-01-07,48348.11,INR,0.0
ORD00981,2025-03-09,1758.46,INR,0.0
ORD00982,2025-08-04,1524.41,INR,0.0
ORD00983,2025-08-30,44259.18,INR,0.0
ORD00984,2025-01-09,2110.35,INR,0.0
ORD00985,2025-04-21,590.7,INR,0.0
ORD00986,2025-07-23,7028.57,INR,0.0
ORD00987,2025-09-14,16353.63,INR,0.0
ORD00988,2025-07-25,1304.85,INR,0.0
ORD00989,2025-11-12,625.4,INR,0.0
ORD00990,2025-02-10,3625.58,INR,0.0
ORD00991,2025-03-21,5125.85,INR,0.0
ORD00992,2025-11-21,19747.59,INR,0.0
ORD00993,2025-11-26,1548.01,INR,0.0
ORD00994,2025-05-03,629.32,INR,0.0
ORD00995,2025-08-11,1418.45,INR,0.0
ORD00996,2025-01-29,1612.54,INR,0.0
ORD00997,2025-03-31,1561.85,INR,0.0
ORD00998,2025-12-26,1244.62,INR,0.0
ORD00999,2025-06-27,8263.9,INR,0.0
ORD01000,2025-05-13,690.4,INR,0.0
ORD01001,2025-05-18,2944.45,INR,0.0
ORD01002,2025-01-16,1143.99,INR,0.0
ORD01003,2025-09-26,1568.48,INR,0.0
ORD01004,2025-10-23,5969.18,INR,0.0
ORD01005,2025-09-19,1249.42,INR,0.0
ORD01006,2025-10-18,735.96,INR,0.0
ORD01007,2025-02-22,20111.81,INR,0.0
ORD01008,2025-03-01,1263.24,INR,0.0
ORD01009,2025-01-23,10184.32,INR,0.0
ORD01010,2025-01-24,5063.84,INR,0.0
ORD01011,2025-03-18,1940.51,INR,0.0
ORD01012,2025-01-19,9311.58,INR,0.0
ORD01013,2025-12-02,4574.42,INR,0.0
ORD01014,2025-08-02,14799.03,INR,0.0
ORD01015,2025-02-09,2955.21,INR,0.0
ORD01016,2025-12-11,12690.17,INR,0.0
ORD01017,2025-09-22,48851.99,INR,0.0
ORD01018,2025-02-05,22990.48,INR,0.0
ORD01019,2025-06-09,1329.64,INR,0.0
ORD01020,2025-01-05,937.39,INR,0.0
ORD01021,2025-06-05,3940.67,INR,0.0
ORD01022,2025-07-08,5946.89,INR,0.0
ORD01023,2025-04-11,6372.47,INR,0.0
ORD01024,2025-05-06,1898.6,INR,0.0
ORD01025,2025-01-13,1019.64,INR,0.0
ORD01026,2025-12-22,24264.85,INR,0.0
ORD01027,2025-01-01,15644.12,INR,0.0
ORD01028,2025-06-07,1294.72,INR,0.0
ORD01029,2025-05-02,9689.48,INR,0.0
ORD01030,2025-03-14,2744.21,INR,0.0
ORD01031,2025-04-29,17796.39,INR,0.0
ORD01032,2025-12-25,16876.87,INR,0.0
ORD01033,2025-02-13,6043.42,INR,0.0
ORD01034,2025-11-23,11122.46,INR,0.0
ORD01035,2025-10-18,1493.67,INR,0.0
ORD01036,2025-03-08,891.49,INR,0.0
ORD01037,2025-06-11,15894.29,INR,0.0
ORD01038,2025-06-17,907.93,INR,0.0
ORD01039,2025-02-08,12041.68,INR,0.0
ORD01040,2025-10-27,658.49,INR,0.0
ORD01041,2025-08-19,5252.1,INR,0.0
ORD01042,2025-10-02,1655.51,INR,0.0
ORD01043,2025-08-20,897.51,INR,0.0
ORD01044,2025-03-03,1711.4,INR,0.0
ORD01045,2025-06-05,20453.17,INR,0.0
ORD01046,2025-01-21,1784.86,INR,0.0
ORD01047,2025-03-17,872.33,INR,0.0
ORD01048,2025-07-02,573.43,INR,0.0
ORD01049,2025-06-03,1986.01,INR,0.0
ORD01050,2025-01-16,46365.03,INR,0.0
ORD01051,2025-10-12,3998.82,INR,0.0
ORD01052,2025-08-25,1690.71,INR,0.0
ORD01053,2025-03-04,1745.56,INR,0.0
ORD01054,2025-04-24,1735.51,INR,0.0
ORD01055,2025-07-10,9500.6,INR,0.0
ORD01056,2025-02-13,4070.57,INR,0.0
ORD01057,2025-02-08,596.71,INR,0.0
ORD01058,2025-11-27,3030.33,INR,0.0
ORD01059,2025-06-19,1913.42,INR,0.0
ORD01060,2025-01-26,1360.83,INR,0.0
ORD01061,2025-07-22,5061.84,INR,0.0
ORD01062,2025-08-07,822.07,INR,0.0
ORD01063,2025-04-06,1169.02,INR,0.0
ORD01064,2025-03-18,1428.76,INR,0.0
ORD01065,2025-05-06,5991.13,INR,0.0
ORD01066,2025-10-09,2701.77,INR,0.0
ORD01067,2025-07-16,799.19,INR,0.0
ORD01068,2025-09-27,1991.13,INR,0.0
ORD01069,2025-10-06,24841.05,INR,0.0
ORD01070,2025-07-03,8251.48,INR,0.0
ORD01071,2025-06-26,17535.9,INR,0.0
ORD01072,2025-07-18,539.09,INR,0.0
ORD01073,2025-11-02,1843.65,INR,0.0
ORD01074,2025-05-24,1987.3,INR,0.0
ORD01075,2025-09-29,1375.98,INR,0.0
ORD01076,2025-04-30,27503.36,INR,0.0
ORD01077,2025-12-03,1300.53,INR,0.0
ORD01078,2025-01-29,24217.04,INR,0.0
ORD01079,2025-10-22,21960.86,INR,0.0
ORD01080,2025-07-01,24873.13,INR,0.0
ORD01081,2025-03-30,1388.78,INR,0.0
ORD01082,2025-12-24,1387.34,INR,0.0
ORD01083,2025-12-27,9580.47,INR,0.0
ORD01084,2025-10-16,1922.55,INR,0.0
ORD01085,2025-09-10,3404.45,INR,0.0
ORD01086,2025-01-20,848.94,INR,0.0
ORD01087,2025-04-23,1216.98,INR,0.0
ORD01088,2025-06-19,13021.97,INR,0.0
ORD01089,2025-03-08,766.19,INR,0.0
ORD01090,2025-06-15,721.57,INR,0.0
ORD01091,2025-12-27,21615.5,INR,0.0
ORD01092,2025-09-27,24408.38,INR,0.0
ORD01093,2025-07-11,7297.12,INR,0.0
ORD01094,2025-10-28,952.65,INR,0.0
ORD01095,2025-03-11,43308.8,INR,0.0
ORD01096,2025-08-12,24409.93,INR,0.0
ORD01097,2025-11-29,1560.77,INR,0.0
ORD01098,2025-10-15,9430.76,INR,0.0
ORD01099,2025-07-02,1383.43,INR,0.0
ORD01100,2025-03-31,1600.99,INR,0.0
ORD01101,2025-05-31,1593.25,INR,0.0
ORD01102,2025-12-26,15874.02,INR,0.0
ORD01103,2025-10-18,1403.58,INR,0.0
ORD01104,2025-11-10,1348.33,INR,0.0
ORD01105,2025-09-12,1618.01,INR,0.0
ORD01106,2025-05-02,979.28,INR,0.0
ORD01107,2025-11-22,11330.89,INR,0.0
ORD01108,2025-12-29,7834.29,INR,0.0
ORD01109,2025-06-21,4121.7,INR,0.0
ORD01110,2025-05-08,4803.85,INR,0.0
ORD01111,2025-02-25,2385.18,INR,0.0
ORD01112,2025-08-13,9752.81,INR,0.0
ORD01113,2025-07-31,5029.7,INR,0.0
ORD01114,2025-10-07,1743.21,INR,0.0
ORD01115,2025-10-23,7497.28,INR,0.0
ORD01116,2025-03-25,8393.56,INR,0.0
ORD01117,2025-01-18,978.08,INR,0.0
ORD01118,2025-02-23,755.16,INR,0.0
ORD01119,2025-07-12,612.5,INR,0.0
ORD01120,2025-02-17,1977.91,INR,0.0
ORD01121,2025-09-05,5450.59,INR,0.0
ORD01122,2025-12-01,1834.63,INR,0.0
ORD01123,2025-03-22,996.64,INR,0.0
ORD01124,2025-04-08,6432.9,INR,0.0
ORD01125,2025-10-04,922.28,INR,0.0
ORD01126,2025-05-02,1089.35,INR,0.0
ORD01127,2025-10-09,12303.85,INR,0.0
ORD01128,2025-07-04,631.44,INR,0.0
ORD01129,2025-12-05,5842.63,INR,0.0
ORD01130,2025-02-19,756.25,INR,0.0
ORD01131,2025-05-30,36839.27,INR,0.0
ORD01132,2025-03-01,1096.2,INR,0.0
ORD01133,2025-09-08,13975.07,INR,0.0
ORD01134,2025-11-25,3479.05,INR,0.0
ORD01135,2025-07-15,1168.66,INR,0.0
ORD01136,2025-05-15,4107.21,INR,0.0
ORD01137,2025-05-18,3209.05,INR,0.0
ORD01138,2025-12-23,2685.66,INR,0.0
ORD01139,2025-06-26,16209.8,INR,0.0
ORD01140,2025-10-29,591.48,INR,0.0
ORD01141,2025-07-18,16279.48,INR,0.0
ORD01142,2025-10-02,9490.89,INR,0.0
ORD01143,2025-10-21,17143.93,INR,0.0
ORD01144,2025-02-10,1780.91,INR,0.0
ORD01145,2025-01-18,9203.64,INR,0.0
ORD01146,2025-10-20,6962.18,INR,0.0
ORD01147,2025-03-03,16735.6,INR,0.0
ORD01148,2025-03-27,45211.52,INR,0.0
ORD01149,2025-03-06,617.55,INR,0.0
ORD01150,2025-12-16,9978.15,INR,0.0
ORD01151,2025-11-18,1392.57,INR,0.0
ORD01152,2025-06-13,23712.61,INR,0.0
ORD01153,2025-02-04,1334.55,INR,0.0
ORD01154,2025-10-10,914.3,INR,0.0
ORD01155,2025-08-23,10185.46,INR,0.0
ORD01156,2025-12-25,6180.5,INR,0.0
ORD01157,2025-08-03,724.46,INR,0.0
ORD01158,2025-10-18,8067.02,INR,0.0
ORD01159,2025-02-21,18440.26,INR,0.0
ORD01160,2025-02-21,23012.13,INR,0.0
ORD01161,2025-06-26,13962.05,INR,0.0
ORD01162,2025-12-02,6871.7,INR,0.0
ORD01163,2025-01-20,1104.46,INR,0.0
ORD01164,2025-11-13,7549.29,INR,0.0
ORD01165,2025-01-20,1818.44,INR,0.0
ORD01166,2025-12-20,1618.62,INR,0.0
ORD01167,2025-05-18,10303.49,INR,0.0
ORD01168,2025-06-05,1764.27,INR,0.0
ORD01169,2025-12-23,9779.97,INR,0.0
ORD01170,2025-04-27,1961.33,INR,0.0
ORD01171,2025-08-15,14813.02,INR,0.0
ORD01172,2025-08-02,2714.29,INR,0.0
ORD01173,2025-08-15,1735.95,INR,0.0
ORD01174,2025-09-06,23007.83,INR,0.0
ORD01175,2025-01-29,3271.78,INR,0.0
ORD01176,2025-06-09,5227.08,INR,0.0
ORD01177,2025-09-26,10434.22,INR,0.0
ORD01178,2025-04-09,13010.9,INR,0.0
ORD01179,2025-01-30,1184.67,INR,0.0
ORD01180,2025-07-04,4191.82,INR,0.0
ORD01181,2025-08-26,7083.28,INR,0.0
ORD01182,2025-03-05,3935.5,INR,0.0
ORD01183,2025-09-08,3420.67,INR,0.0
ORD01184,2025-08-31,4798.08,INR,0.0
ORD01185,2025-03-25,13879.9,INR,0.0
ORD01186,2025-12-19,541.18,INR,0.0
ORD01187,2025-01-26,1358.39,INR,0.0
ORD01188,2025-04-20,19710.7,INR,0.0
ORD01189,2025-12-13,1477.38,INR,0.0
ORD01190,2025-09-20,1670.46,INR,0.0
ORD01191,2025-12-16,1867.27,INR,0.0
ORD01192,2025-11-28,1701.3,INR,0.0
ORD01193,2025-04-25,1707.63,INR,0.0
ORD01194,2025-06-06,7674.95,INR,0.0
ORD01195,2025-05-21,5011.8,INR,0.0
ORD01196,2025-06-28,3745.67,INR,0.0
ORD01197,2025-06-04,8594.49,INR,0.0
ORD01198,2025-07-23,2058.78,INR,0.0
ORD01199,2025-12-06,45984.46,INR,0.0
ORD01200,2025-10-15,6872.4,INR,0.0
ORD01201,2025-06-02,5853.91,INR,0.0
ORD01202,2025-06-22,41014.87,INR,0.0
ORD01203,2025-05-22,1566.64,INR,0.0
ORD01204,2025-11-30,724.89,INR,0.0
ORD01205,2025-05-04,22081.45,INR,0.0
ORD01206,2025-11-04,4556.69,INR,0.0
ORD01207,2025-03-13,7243.2,INR,0.0
ORD01208,2025-06-01,1127.85,INR,0.0
ORD01209,2025-07-18,6664.19,INR,0.0
ORD01210,2025-10-20,15147.51,INR,0.0
ORD01211,2025-04-24,7106.51,INR,0.0
ORD01212,2025-09-01,20078.03,INR,0.0
ORD01213,2025-09-17,754.98,INR,0.0
ORD01214,2025-12-03,12717.04,INR,0.0
ORD01215,2025-02-19,7927.35,INR,0.0
ORD01216,2025-10-14,12746.03,INR,0.0
ORD01217,2025-12-15,19816.52,INR,0.0
ORD01218,2025-04-24,1616.31,INR,0.0
ORD01219,2025-06-07,9094.75,INR,0.0
ORD01220,2025-07-10,941.08,INR,0.0
ORD01221,2025-03-02,8931.15,INR,0.0
ORD01222,2025-10-26,6965.24,INR,0.0
ORD01223,2025-08-30,17507.16,INR,0.0
ORD01224,2025-12-15,947.53,INR,0.0
ORD01225,2025-01-28,12261.68,INR,0.0
ORD01226,2025-04-13,1980.79,INR,0.0
ORD01227,2025-08-23,1793.59,INR,0.0
ORD01228,2025-04-03,17313.71,INR,0.0
ORD01229,2025-11-20,32835.35,INR,0.0
ORD01230,2025-01-30,910.29,INR,0.0
ORD01231,2025-03-28,3267.48,INR,0.0
ORD01232,2025-02-15,1150.57,INR,0.0
ORD01233,2025-08-08,9722.62,INR,0.0
ORD01234,2025-07-16,1300.67,INR,0.0
ORD01235,2025-07-11,47300.16,INR,0.0
ORD01236,2025-09-29,1515.12,INR,0.0
ORD01237,2025-11-17,3810.13,INR,0.0
ORD01238,2025-06-26,654.06,INR,0.0
ORD01239,2025-09-15,3336.16,INR,0.0
ORD01240,2025-01-24,936.24,INR,0.0
ORD01241,2025-09-24,4702.68,INR,0.0
ORD01242,2025-12-18,33568.32,INR,0.0
ORD01243,2025-09-08,782.64,INR,0.0
ORD01244,2025-07-26,836.48,INR,0.0
ORD01245,2025-03-09,532.87,INR,0.0
ORD01246,2025-09-16,1049.89,INR,0.0
ORD01247,2025-11-30,15627.89,INR,0.0
ORD01248,2025-11-24,1302.1,INR,0.0
ORD01249,2025-01-25,2383.68,INR,0.0
ORD01250,2025-02-25,2157.93,INR,0.0
ORD01251,2025-12-20,1166.47,INR,0.0
ORD01252,2025-03-05,5795.17,INR,0.0
ORD01253,2025-03-20,1528.61,INR,0.0
ORD01254,2025-01-05,1492.5,INR,0.0
ORD01255,2025-12-06,6982.38,INR,0.0
ORD01256,2025-12-25,1745.98,INR,0.0
ORD01257,2025-02-23,6941.58,INR,0.0
ORD01258,2025-05-25,659.4,INR,0.0
ORD01259,2025-04-12,8223.67,INR,0.0
ORD01260,2025-09-25,33948.05,INR,0.0
ORD01261,2025-07-29,559.11,INR,0.0
ORD01262,2025-09-12,20323.06,INR,0.0
ORD01263,2025-09-04,504.11,INR,0.0
ORD01264,2025-12-10,665.65,INR,0.0
ORD01265,2025-10-21,3193.16,INR,0.0
ORD01266,2025-02-16,11125.72,INR,0.0
ORD01267,2025-02-21,19665.05,INR,0.0
ORD01268,2025-08-22,32400.55,INR,0.0
ORD01269,2025-08-26,1719.77,INR,0.0
ORD01270,2025-01-21,15403.22,INR,0.0
ORD01271,2025-12-13,1607.81,INR,0.0
ORD01272,2025-02-18,23354.38,INR,0.0
ORD01273,2025-01-05,19950.33,INR,0.0
ORD01274,2025-03-29,1841.79,INR,0.0
ORD01275,2025-11-15,1599.6,INR,0.0
ORD01276,2025-07-10,12743.04,INR,0.0
ORD01277,2025-07-25,5652.31,INR,0.0
ORD01278,2025-07-17,5825.96,INR,0.0
ORD01279,2025-08-04,8375.28,INR,0.0
ORD01280,2025-02-27,1589.62,INR,0.0
ORD01281,2025-03-23,1866.84,INR,0.0
ORD01282,2025-09-05,20175.9,INR,0.0
ORD01283,2025-04-03,8233.31,INR,0.0
ORD01284,2025-11-10,1526.7,INR,0.0
ORD01285,2025-03-08,5904.98,INR,0.0
ORD01286,2025-07-30,2506.69,INR,0.0
ORD01287,2025-12-02,1556.85,INR,0.0
ORD01288,2025-12-14,7948.99,INR,0.0
ORD01289,2025-10-17,1933.64,INR,0.0
ORD01290,2025-06-23,7505.93,INR,0.0
ORD01291,2025-11-13,1492.57,INR,0.0
ORD01292,2025-05-08,7309.69,INR,0.0
ORD01293,2025-11-25,1758.55,INR,0.0
ORD01294,2025-10-13,19193.71,INR,0.0
ORD01295,2025-01-06,3255.42,INR,0.0
ORD01296,2025-08-29,23041.23,INR,0.0
ORD01297,2025-02-08,14809.51,INR,0.0
ORD01298,2025-06-19,26258.77,INR,0.0
ORD01299,2025-04-25,5029.1,INR,0.0
ORD01300,2025-05-01,1166.28,INR,0.0
ORD01301,2025-10-21,8852.71,INR,0.0
ORD01302,2025-08-17,1971.01,INR,0.0
ORD01303,2025-12-01,1105.16,INR,0.0
ORD01304,2025-01-19,2001.36,INR,0.0
ORD01305,2025-02-16,24447.57,INR,0.0
ORD01306,2025-11-23,1262.51,INR,0.0
ORD01307,2025-04-16,5649.66,INR,0.0
ORD01308,2025-06-24,581.41,INR,0.0
ORD01309,2025-04-25,14979.59,INR,0.0
ORD01310,2025-11-14,7733.26,INR,0.0
ORD01311,2025-07-06,2912.19,INR,0.0
ORD01312,2025-12-04,1012.04,INR,0.0
ORD01313,2025-11-21,32299.59,INR,0.0
ORD01314,2025-09-25,659.48,INR,0.0
ORD01315,2025-03-26,8574.71,INR,0.0
ORD01316,2025-07-29,1416.28,INR,0.0
ORD01317,2025-04-07,1778.29,INR,0.0
ORD01318,2025-04-21,8251.36,INR,0.0
ORD01319,2025-06-23,1121.71,INR,0.0
ORD01320,2025-11-21,18832.17,INR,0.0
ORD01321,2025-08-19,6714.53,INR,0.0
ORD01322,2025-09-16,1248.24,INR,0.0
ORD01323,2025-09-29,6425.81,INR,0.0
ORD01324,2025-08-10,17243.98,INR,0.0
ORD01325,2025-09-18,23652.72,INR,0.0
ORD01326,2025-12-21,7843.96,INR,0.0
ORD01327,2025-03-07,1486.28,INR,0.0
ORD01328,2025-11-07,17561.65,INR,0.0
ORD01329,2025-07-16,6871.95,INR,0.0
ORD01330,2025-12-21,14103.94,INR,0.0
ORD01331,2025-06-25,36321.14,INR,0.0
ORD01332,2025-03-10,1403.79,INR,0.0
ORD01333,2025-09-20,1552.24,INR,0.0
ORD01334,2025-06-10,9484.1,INR,0.0
ORD01335,2025-11-20,814.57,INR,0.0
ORD01336,2025-05-29,9369.53,INR,0.0
ORD01337,2025-03-09,41252.16,INR,0.0
ORD01338,2025-04-02,7554.5,INR,0.0
ORD01339,2025-06-15,8086.2,INR,0.0
ORD01340,2025-10-15,6565.11,INR,0.0
ORD01341,2025-12-08,7393.95,INR,0.0
ORD01342,2025-10-01,1770.95,INR,0.0
ORD01343,2025-01-07,2202.18,INR,0.0
ORD01344,2025-03-16,584.91,INR,0.0
ORD01345,2025-05-17,12414.03,INR,0.0
ORD01346,2025-05-27,3171.43,INR,0.0
ORD01347,2025-02-01,4361.12,INR,0.0
ORD01348,2025-10-05,1721.04,INR,0.0
ORD01349,2025-02-22,7404.21,INR,0.0
ORD01350,2025-10-15,21136.19,INR,0.0
ORD01351,2025-10-15,1266.38,INR,0.0
ORD01352,2025-12-23,1496.74,INR,0.0
ORD01353,2025-07-15,1935.05,INR,0.0
ORD01354,2025-12-17,1328.19,INR,0.0
ORD01355,2025-01-07,3624.7,INR,0.0
ORD01356,2025-08-15,23672.3,INR,0.0
ORD01357,2025-12-27,4941.93,INR,0.0
ORD01358,2025-10-29,6827.1,INR,0.0
ORD01359,2025-04-10,766.14,INR,0.0
ORD01360,2025-12-16,1943.71,INR,0.0
ORD01361,2025-09-21,560.95,INR,0.0
ORD01362,2025-05-23,3040.53,INR,0.0
ORD01363,2025-10-27,10084.68,INR,0.0
ORD01364,2025-08-27,3238.45,INR,0.0
ORD01365,2025-03-20,18953.2,INR,0.0
ORD01366,2025-11-17,7295.12,INR,0.0
ORD01367,2025-09-09,18252.4,INR,0.0
ORD01368,2025-02-07,14767.89,INR,0.0
ORD01369,2025-04-23,38015.16,INR,0.0
ORD01370,2025-09-16,1314.62,INR,0.0
ORD01371,2025-07-26,831.8,INR,0.0
ORD01372,2025-04-20,4648.53,INR,0.0
ORD01373,2025-05-31,1628.98,INR,0.0
ORD01374,2025-09-29,6490.68,INR,0.0
ORD01375,2025-11-29,1503.41,INR,0.0
ORD01376,2025-08-17,1463.4,INR,0.0
ORD01377,2025-11-15,559.82,INR,0.0
ORD01378,2025-06-14,1694.31,INR,0.0
ORD01379,2025-02-28,1310.36,INR,0.0
ORD01380,2025-05-25,1275.3,INR,0.0
ORD01381,2025-07-11,6069.88,INR,0.0
ORD01382,2025-09-07,1847.42,INR,0.0
ORD01383,2025-04-09,623.52,INR,0.0
ORD01384,2025-02-19,1934.41,INR,0.0
ORD01385,2025-10-03,7015.46,INR,0.0
ORD01386,2025-04-18,8188.66,INR,0.0
ORD01387,2025-12-17,2831.41,INR,0.0
ORD01388,2025-10-03,23179.56,INR,0.0
ORD01389,2025-08-11,9518.01,INR,0.0
ORD01390,2025-12-18,1188.84,INR,0.0
ORD01391,2025-06-19,609.87,INR,0.0
ORD01392,2025-04-02,18371.26,INR,0.0
ORD01393,2025-10-22,23664.8,INR,0.0
ORD01394,2025-07-28,1445.33,INR,0.0
ORD01395,2025-08-10,1084.25,INR,0.0
ORD01396,2025-03-02,7131.38,INR,0.0
ORD01397,2025-11-13,1618.93,INR,0.0
ORD01398,2025-01-24,2580.72,INR,0.0
ORD01399,2025-09-15,1680.34,INR,0.0
ORD01400,2025-06-04,4252.14,INR,0.0
ORD01401,2025-08-13,1733.18,INR,0.0
ORD01402,2025-01-16,6267.74,INR,0.0
ORD01403,2025-03-11,8374.16,INR,0.0
ORD01404,2025-10-07,1451.07,INR,0.0
ORD01405,2025-06-02,9313.35,INR,0.0
ORD01406,2025-11-28,1924.2,INR,0.0
ORD01407,2025-10-11,12120.61,INR,0.0
ORD01408,2025-01-22,1394.98,INR,0.0
ORD01409,2025-10-03,2681.01,INR,0.0
ORD01410,2025-04-18,9228.37,INR,0.0
ORD01411,2025-06-26,1858.44,INR,0.0
ORD01412,2025-09-20,775.99,INR,0.0
ORD01413,2025-11-12,12914.89,INR,0.0
ORD01414,2025-04-03,6538.34,INR,0.0
ORD01415,2025-01-28,23985.55,INR,0.0
ORD01416,2025-10-09,6397.32,INR,0.0
ORD01417,2025-05-29,4005.5,INR,0.0
ORD01418,2025-04-12,5897.52,INR,0.0
ORD01419,2025-06-19,1506.94,INR,0.0
ORD01420,2025-05-01,1429.27,INR,0.0
ORD01421,2025-04-10,1175.97,INR,0.0
ORD01422,2025-11-12,7547.67,INR,0.0
ORD01423,2025-03-20,4915.95,INR,0.0
ORD01424,2025-06-11,29215.99,INR,0.0
ORD01425,2025-06-10,832.29,INR,0.0
ORD01426,2025-11-25,8720.88,INR,0.0
ORD01427,2025-03-10,4652.5,INR,0.0
ORD01428,2025-09-03,4869.93,INR,0.0
ORD01429,2025-06-06,2870.66,INR,0.0
ORD01430,2025-11-27,8734.34,INR,0.0
ORD01431,2025-03-13,12946.48,INR,0.0
ORD01432,2025-11-17,613.1,INR,0.0
ORD01433,2025-01-10,19474.4,INR,0.0
ORD01434,2025-10-25,8153.6,INR,0.0
ORD01435,2025-04-19,18273.91,INR,0.0
ORD01436,2025-10-06,18095.16,INR,0.0
ORD01437,2025-12-01,15487.28,INR,0.0
ORD01438,2025-04-25,18844.01,INR,0.0
ORD01439,2025-05-29,1251.68,INR,0.0
ORD01440,2025-02-16,1253.25,INR,0.0
ORD01441,2025-12-06,1946.0,INR,0.0
ORD01442,2025-11-11,8057.65,INR,0.0
ORD01443,2025-03-13,3433.16,INR,0.0
ORD01444,2025-10-17,9741.88,INR,0.0
ORD01445,2025-09-05,10606.3,INR,0.0
ORD01446,2025-09-07,896.54,INR,0.0
ORD01447,2025-04-30,810.16,INR,0.0
ORD01448,2025-07-04,1876.85,INR,0.0
ORD01449,2025-01-24,1472.79,INR,0.0
ORD01450,2025-02-22,6170.98,INR,0.0
ORD01451,2025-05-21,13949.74,INR,0.0
ORD01452,2025-10-06,5013.28,INR,0.0
ORD01453,2025-07-13,1480.0,INR,0.0
ORD01454,2025-02-09,5010.63,INR,0.0
ORD01455,2025-04-25,4823.18,INR,0.0
ORD01456,2025-06-26,5856.88,INR,0.0
ORD01457,2025-11-06,1823.05,INR,0.0
ORD01458,2025-08-14,615.63,INR,0.0
ORD01459,2025-11-26,725.36,INR,0.0
ORD01460,2025-03-22,1575.95,INR,0.0
ORD01461,2025-03-02,5316.91,INR,0.0
ORD01462,2025-06-19,5852.13,INR,0.0
ORD01463,2025-09-03,6726.33,INR,0.0
ORD01464,2025-11-28,10336.69,INR,0.0
ORD01465,2025-01-23,1388.52,INR,0.0
ORD01466,2025-03-10,2313.53,INR,0.0
ORD01467,2025-10-21,749.51,INR,0.0
ORD01468,2025-04-03,5243.65,INR,0.0
ORD01469,2025-10-16,9028.07,INR,0.0
ORD01470,2025-12-05,24208.81,INR,0.0
ORD01471,2025-04-21,9942.21,INR,0.0
ORD01472,2025-09-04,1745.55,INR,0.0
ORD01473,2025-11-04,1373.97,INR,0.0
ORD01474,2025-04-04,6086.44,INR,0.0
ORD01475,2025-03-27,4741.37,INR,0.0
ORD01476,2025-08-21,2550.74,INR,0.0
ORD01477,2025-07-13,662.86,INR,0.0
ORD01478,2025-04-14,9274.71,INR,0.0
ORD01479,2025-12-17,3196.49,INR,0.0
ORD01480,2025-02-19,1852.41,INR,0.0
ORD01481,2025-11-04,1675.8,INR,0.0
ORD01482,2025-09-15,11397.85,INR,0.0
ORD01483,2025-12-04,1405.21,INR,0.0
ORD01484,2025-01-01,21623.06,INR,0.0
ORD01485,2025-11-29,5365.47,INR,0.0
ORD01486,2025-01-23,5431.65,INR,0.0
ORD01487,2025-09-04,15718.55,INR,0.0
ORD01488,2025-10-29,23617.88,INR,0.0
ORD01489,2025-12-23,5403.92,INR,0.0
ORD01490,2025-05-11,3860.1,INR,0.0
ORD01491,2025-02-12,1815.15,INR,0.0
ORD01492,2025-07-29,508.2,INR,0.0
ORD01493,2025-01-04,2942.63,INR,0.0
ORD01494,2025-01-04,808.13,INR,0.0
ORD01495,2025-06-11,2852.67,INR,0.0
ORD01496,2025-08-07,4029.06,INR,0.0
ORD01497,2025-10-02,4925.15,INR,0.0
ORD01498,2025-05-22,34936.35,INR,0.0
ORD01499,2025-04-15,8270.31,INR,0.0
ORD01500,2025-09-05,1338.64,INR,0.0
ORD01501,2025-09-05,959.98,INR,0.0
ORD01502,2025-06-26,15971.95,INR,0.0
ORD01503,2025-03-12,19889.24,INR,0.0
ORD01504,2025-04-28,7594.49,INR,0.0
ORD01505,2025-03-24,1262.52,INR,0.0
ORD01506,2025-06-23,19210.38,INR,0.0
ORD01507,2025-12-17,3285.9,INR,0.0
ORD01508,2025-11-22,636.63,INR,0.0
ORD01509,2025-03-16,6801.96,INR,0.0
ORD01510,2025-02-15,832.66,INR,0.0
ORD01511,2025-02-10,7795.96,INR,0.0
ORD01512,2025-07-25,6168.04,INR,0.0
ORD01513,2025-12-31,26436.58,INR,0.0
ORD01514,2025-03-31,5511.78,INR,0.0
ORD01515,2025-04-14,23961.38,INR,0.0
ORD01516,2025-09-23,550.41,INR,0.0
ORD01517,2025-11-03,7587.6,INR,0.0
ORD01518,2025-11-11,554.09,INR,0.0
ORD01519,2025-05-03,9805.17,INR,0.0
ORD01520,2025-02-14,44491.82,INR,0.0
ORD01521,2025-06-30,5243.61,INR,0.0
ORD01522,2025-04-13,7895.4,INR,0.0
ORD01523,2025-02-05,18243.89,INR,0.0
ORD01524,2025-10-14,15221.43,INR,0.0
ORD01525,2025-05-22,1944.59,INR,0.0
ORD01526,2025-08-21,18623.6,INR,0.0
ORD01527,2025-05-14,1259.36,INR,0.0
ORD01528,2025-10-14,941.38,INR,0.0
ORD01529,2025-03-01,24350.64,INR,0.0
ORD01530,2025-10-03,18623.41,INR,0.0
ORD01531,2025-12-22,5016.64,INR,0.0
ORD01532,2025-09-05,21362.1,INR,0.0
ORD01533,2025-08-23,9172.19,INR,0.0
ORD01534,2025-01-15,4062.56,INR,0.0
ORD01535,2025-07-15,9953.58,INR,0.0
ORD01536,2025-12-13,8401.29,INR,0.0
ORD01537,2025-07-31,37912.61,INR,0.0
ORD01538,2025-01-05,4106.8,INR,0.0
ORD01539,2025-05-28,1510.55,INR,0.0
ORD01540,2025-06-25,1897.09,INR,0.0
ORD01541,2025-09-01,827.85,INR,0.0
ORD01542,2025-10-21,1920.68,INR,0.0
ORD01543,2025-12-16,12852.51,INR,0.0
ORD01544,2025-04-13,863.08,INR,0.0
ORD01545,2025-05-16,804.15,INR,0.0
ORD01546,2025-05-08,15340.41,INR,0.0
ORD01547,2025-02-24,617.73,INR,0.0
ORD01548,2025-12-06,2052.99,INR,0.0
ORD01549,2025-10-05,46200.26,INR,0.0
ORD01550,2025-07-10,5938.72,INR,0.0
ORD01551,2025-10-22,17362.08,INR,0.0
ORD01552,2025-09-19,833.14,INR,0.0
ORD01553,2025-10-23,1288.6,INR,0.0
ORD01554,2025-08-05,6326.14,INR,0.0
ORD01555,2025-09-15,1790.6,INR,0.0
ORD01556,2025-03-31,2962.95,INR,0.0
ORD01557,2025-09-23,7513.68,INR,0.0
ORD01558,2025-01-07,5035.42,INR,0.0
ORD01559,2025-02-21,1419.17,INR,0.0
ORD01560,2025-05-13,894.27,INR,0.0
ORD01561,2025-05-18,6904.67,INR,0.0
ORD01562,2025-07-07,1135.91,INR,0.0
ORD01563,2025-08-03,4978.48,INR,0.0
ORD01564,2025-07-25,769.83,INR,0.0
ORD01565,2025-03-09,42150.3,INR,0.0
ORD01566,2025-02-21,8432.7,INR,0.0
ORD01567,2025-10-12,5047.07,INR,0.0
ORD01568,2025-03-16,21078.13,INR,0.0
ORD01569,2025-08-31,12649.11,INR,0.0
ORD01570,2025-09-13,1839.91,INR,0.0
ORD01571,2025-11-19,7764.48,INR,0.0
ORD01572,2025-09-07,1343.21,INR,0.0
ORD01573,2025-10-18,648.46,INR,0.0
ORD01574,2025-03-25,1720.73,INR,0.0
ORD01575,2025-09-01,11444.53,INR,0.0
ORD01576,2025-06-21,1040.46,INR,0.0
ORD01577,2025-10-13,13865.72,INR,0.0
ORD01578,2025-01-11,4808.72,INR,0.0
ORD01579,2025-12-14,29973.95,INR,0.0
ORD01580,2025-10-22,6307.51,INR,0.0
ORD01581,2025-05-26,1509.79,INR,0.0
ORD01582,2025-09-07,16703.95,INR,0.0
ORD01583,2025-02-10,929.79,INR,0.0
ORD01584,2025-11-20,46706.44,INR,0.0
ORD01585,2025-11-24,15060.82,INR,0.0
ORD01586,2025-11-20,5238.18,INR,0.0
ORD01587,2025-02-06,1015.44,INR,0.0
ORD01588,2025-06-10,937.03,INR,0.0
ORD01589,2025-05-17,5163.64,INR,0.0
ORD01590,2025-08-16,24081.55,INR,0.0
ORD01591,2025-10-28,5602.31,INR,0.0
ORD01592,2025-03-27,534.65,INR,0.0
ORD01593,2025-05-01,9523.5,INR,0.0
ORD01594,2025-12-25,3684.57,INR,0.0
ORD01595,2025-07-23,595.69,INR,0.0
ORD01596,2025-08-31,2210.92,INR,0.0
ORD01597,2025-07-23,9968.11,INR,0.0
ORD01598,2025-02-23,732.91,INR,0.0
ORD01599,2025-12-02,15847.69,INR,0.0
ORD01600,2025-04-28,926.26,INR,0.0
ORD01601,2025-11-17,1290.11,INR,0.0
ORD01602,2025-03-29,1495.32,INR,0.0
ORD01603,2025-06-16,17007.9,INR,0.0
ORD01604,2025-10-04,18228.18,INR,0.0
ORD01605,2025-03-11,42440.57,INR,0.0
ORD01606,2025-04-01,5652.35,INR,0.0
ORD01607,2025-11-22,16524.66,INR,0.0
ORD01608,2025-11-24,4477.29,INR,0.0
ORD01609,2025-06-27,3817.03,INR,0.0
ORD01610,2025-02-15,4926.27,INR,0.0
ORD01611,2025-05-14,515.83,INR,0.0
ORD01612,2025-09-25,22719.2,INR,0.0
ORD01613,2025-06-26,1302.65,INR,0.0
ORD01614,2025-12-19,24204.36,INR,0.0
ORD01615,2025-09-02,1648.8,INR,0.0
ORD01616,2025-05-30,8374.14,INR,0.0
ORD01617,2025-10-08,1117.6,INR,0.0
ORD01618,2025-10-15,3999.17,INR,0.0
ORD01619,2025-11-27,1067.54,INR,0.0
ORD01620,2025-05-15,1437.98,INR,0.0
ORD01621,2025-09-22,23649.32,INR,0.0
ORD01622,2025-12-22,4277.41,INR,0.0
ORD01623,2025-09-30,16193.56,INR,0.0
ORD01624,2025-02-05,934.39,INR,0.0
ORD01625,2025-11-23,5622.14,INR,0.0
ORD01626,2025-12-25,3502.32,INR,0.0
ORD01627,2025-01-10,1954.57,INR,0.0
ORD01628,2025-01-12,653.41,INR,0.0
ORD01629,2025-05-18,1157.62,INR,0.0
ORD01630,2025-01-05,726.03,INR,0.0
ORD01631,2025-09-10,1130.36,INR,0.0
ORD01632,2025-09-13,36592.11,INR,0.0
ORD01633,2025-01-17,1765.32,INR,0.0
ORD01634,2025-03-16,1663.48,INR,0.0
ORD01635,2025-02-06,3452.83,INR,0.0
ORD01636,2025-05-09,22423.78,INR,0.0
ORD01637,2025-03-04,42867.06,INR,0.0
ORD01638,2025-07-17,16644.41,INR,0.0
ORD01639,2025-01-18,1602.98,INR,0.0
ORD01640,2025-02-18,9856.93,INR,0.0
ORD01641,2025-08-31,1941.82,INR,0.0
ORD01642,2025-06-15,1592.36,INR,0.0
ORD01643,2025-10-09,4026.5,INR,0.0
ORD01644,2025-11-23,1040.64,INR,0.0
ORD01645,2025-01-27,13266.82,INR,0.0
ORD01646,2025-02-27,1151.24,INR,0.0
ORD01647,2025-01-08,914.15,INR,0.0
ORD01648,2025-03-03,864.63,INR,0.0
ORD01649,2025-01-22,7526.01,INR,0.0
ORD01650,2025-12-19,4971.19,INR,0.0
ORD01651,2025-02-15,1249.88,INR,0.0
ORD01652,2025-12-18,9446.79,INR,0.0
ORD01653,2025-11-17,1033.28,INR,0.0
ORD01654,2025-03-20,8331.73,INR,0.0
ORD01655,2025-03-06,4533.92,INR,0.0
ORD01656,2025-10-13,21350.46,INR,0.0
ORD01657,2025-08-13,2170.82,INR,0.0
ORD01658,2025-07-13,702.1,INR,0.0
ORD01659,2025-01-21,5500.0,INR,0.0
ORD01660,2025-05-31,5920.74,INR,0.0
ORD01661,2025-10-18,1021.5,INR,0.0
ORD01662,2025-08-28,1747.02,INR,0.0
ORD01663,2025-10-11,1296.71,INR,0.0
ORD01664,2025-08-19,895.02,INR,0.0
ORD01665,2025-07-07,8207.34,INR,0.0
ORD01666,2025-09-17,778.3,INR,0.0
ORD01667,2025-01-10,4912.6,INR,0.0
ORD01668,2025-11-14,1581.51,INR,0.0
ORD01669,2025-12-04,45476.24,INR,0.0
ORD01670,2025-04-08,5980.39,INR,0.0
ORD01671,2025-10-10,924.69,INR,0.0
ORD01672,2025-07-29,2883.71,INR,0.0
ORD01673,2025-09-25,2350.22,INR,0.0
ORD01674,2025-03-08,546.91,INR,0.0
ORD01675,2025-02-24,2790.03,INR,0.0
ORD01676,2025-10-20,5108.79,INR,0.0
ORD01677,2025-09-08,7610.51,INR,0.0
ORD01678,2025-05-12,831.08,INR,0.0
ORD01679,2025-02-06,1881.55,INR,0.0
ORD01680,2025-12-02,9118.14,INR,0.0
ORD01681,2025-02-10,7111.33,INR,0.0
ORD01682,2025-07-04,9505.95,INR,0.0
ORD01683,2025-08-01,21913.74,INR,0.0
ORD01684,2025-01-30,13987.23,INR,0.0
ORD01685,2025-01-21,8675.65,INR,0.0
ORD01686,2025-02-09,24408.8,INR,0.0
ORD01687,2025-02-19,846.53,INR,0.0
ORD01688,2025-07-17,1289.29,INR,0.0
ORD01689,2025-05-08,9580.03,INR,0.0
ORD01690,2025-10-13,5321.48,INR,0.0
ORD01691,2025-02-24,18648.45,INR,0.0
ORD01692,2025-12-12,7321.94,INR,0.0
ORD01693,2025-02-23,770.59,INR,0.0
ORD01694,2025-07-25,7260.26,INR,0.0
ORD01695,2025-10-01,36075.3,INR,0.0
ORD01696,2025-06-30,18251.22,INR,0.0
ORD01697,2025-06-16,16185.15,INR,0.0
ORD01698,2025-11-21,7806.94,INR,0.0
ORD01699,2025-11-08,1318.44,INR,0.0
ORD01700,2025-07-12,23892.2,INR,0.0
ORD01701,2025-05-11,1178.61,INR,0.0
ORD01702,2025-07-23,551.99,INR,0.0
ORD01703,2025-05-26,6140.87,INR,0.0
ORD01704,2025-06-04,1976.59,INR,0.0
ORD01705,2025-04-20,10325.52,INR,0.0
ORD01706,2025-12-20,23786.68,INR,0.0
ORD01707,2025-09-19,9407.38,INR,0.0
ORD01708,2025-03-21,1190.55,INR,0.0
ORD01709,2025-03-21,1050.62,INR,0.0
ORD01710,2025-10-26,884.37,INR,0.0
ORD01711,2025-06-03,1099.7,INR,0.0
ORD01712,2025-04-22,7788.64,INR,0.0
ORD01713,2025-09-05,1738.56,INR,0.0
ORD01714,2025-12-20,8556.12,INR,0.0
ORD01715,2025-02-18,4403.15,INR,0.0
ORD01716,2025-10-23,1670.18,INR,0.0
ORD01717,2025-06-21,1725.71,INR,0.0
ORD01718,2025-08-02,11808.11,INR,0.0
ORD01719,2025-04-27,8795.83,INR,0.0
ORD01720,2025-01-06,7057.55,INR,0.0
ORD01721,2025-01-28,561.77,INR,0.0
ORD01722,2025-10-04,4614.65,INR,0.0
ORD01723,2025-12-24,575.78,INR,0.0
ORD01724,2025-07-21,43821.01,INR,0.0
ORD01725,2025-10-22,3776.69,INR,0.0
ORD01726,2025-05-29,12220.19,INR,0.0
ORD01727,2025-06-22,1357.16,INR,0.0
ORD01728,2025-01-26,4100.46,INR,0.0
ORD01729,2025-07-24,8190.6,INR,0.0
ORD01730,2025-03-08,17213.84,INR,0.0
ORD01731,2025-04-12,7217.99,INR,0.0
ORD01732,2025-04-11,9976.63,INR,0.0
ORD01733,2025-09-26,607.47,INR,0.0
ORD01734,2025-08-09,1886.21,INR,0.0
ORD01735,2025-02-15,1120.37,INR,0.0
ORD01736,2025-07-07,981.11,INR,0.0
ORD01737,2025-11-01,8157.45,INR,0.0
ORD01738,2025-03-28,40405.52,INR,0.0
ORD01739,2025-08-15,5523.71,INR,0.0
ORD01740,2025-04-30,1060.73,INR,0.0
ORD01741,2025-02-13,581.81,INR,0.0
ORD01742,2025-11-14,23031.29,INR,0.0
ORD01743,2025-05-28,1540.69,INR,0.0
ORD01744,2025-02-26,1206.79,INR,0.0
ORD01745,2025-06-19,1307.01,INR,0.0
ORD01746,2025-04-15,8002.84,INR,0.0
ORD01747,2025-10-08,7839.39,INR,0.0
ORD01748,2025-03-14,7346.08,INR,0.0
ORD01749,2025-07-12,7308.23,INR,0.0
ORD01750,2025-01-23,590.17,INR,0.0
ORD01751,2025-04-13,19269.47,INR,0.0
ORD01752,2025-01-28,9561.41,INR,0.0
ORD01753,2025-02-04,906.97,INR,0.0
ORD01754,2025-12-04,661.84,INR,0.0
ORD01755,2025-05-30,19741.17,INR,0.0
ORD01756,2025-04-29,37713.51,INR,0.0
ORD01757,2025-12-30,973.18,INR,0.0
ORD01758,2025-11-02,3491.34,INR,0.0
ORD01759,2025-09-14,39017.19,INR,0.0
ORD01760,2025-12-31,871.09,INR,0.0
ORD01761,2025-09-29,1234.9,INR,0.0
ORD01762,2025-03-22,1526.47,INR,0.0
ORD01763,2025-07-01,3889.64,INR,0.0
ORD01764,2025-09-14,593.01,INR,0.0
ORD01765,2025-05-12,23356.03,INR,0.0
ORD01766,2025-01-16,24236.75,INR,0.0
ORD01767,2025-04-26,1845.76,INR,0.0
ORD01768,2025-12-03,1594.83,INR,0.0
ORD01769,2025-09-24,40311.21,INR,0.0
ORD01770,2025-11-17,5338.67,INR,0.0
ORD01771,2025-10-21,1955.81,INR,0.0
ORD01772,2025-11-06,1313.35,INR,0.0
ORD01773,2025-04-16,6648.25,INR,0.0
ORD01774,2025-12-17,22938.81,INR,0.0
ORD01775,2025-06-08,9189.15,INR,0.0
ORD01776,2025-03-11,9272.02,INR,0.0
ORD01777,2025-03-16,6518.75,INR,0.0
ORD01778,2025-03-22,1336.01,INR,0.0
ORD01779,2025-03-02,1759.28,INR,0.0
ORD01780,2025-03-16,8123.48,INR,0.0
ORD01781,2025-07-31,32583.7,INR,0.0
ORD01782,2025-11-23,14106.94,INR,0.0
ORD01783,2025-04-07,777.12,INR,0.0
ORD01784,2025-11-10,6844.84,INR,0.0
ORD01785,2025-11-10,848.27,INR,0.0
ORD01786,2025-12-18,619.21,INR,0.0
ORD01787,2025-09-02,1769.21,INR,0.0
ORD01788,2025-08-29,4991.68,INR,0.0
ORD01789,2025-07-18,3100.1,INR,0.0
ORD01790,2025-04-09,1112.88,INR,0.0
ORD01791,2025-01-08,24252.97,INR,0.0
ORD01792,2025-04-24,9905.95,INR,0.0
ORD01793,2025-04-15,1890.65,INR,0.0
ORD01794,2025-08-13,17349.14,INR,0.0
ORD01795,2025-06-16,23313.8,INR,0.0
ORD01796,2025-08-07,2334.61,INR,0.0
ORD01797,2025-07-14,5153.21,INR,0.0
ORD01798,2025-10-20,6201.84,INR,0.0
ORD01799,2025-12-27,17809.74,INR,0.0
ORD01800,2025-08-20,9022.14,INR,0.0
ORD01801,2025-05-06,5164.89,INR,0.0
ORD01802,2025-01-21,6129.01,INR,0.0
ORD01803,2025-11-19,29746.26,INR,0.0
ORD01804,2025-08-14,956.83,INR,0.0
ORD01805,2025-05-27,5379.7,INR,0.0
ORD01806,2025-11-10,20349.29,INR,0.0
ORD01807,2025-03-14,7168.81,INR,0.0
ORD01808,2025-02-16,2905.37,INR,0.0
ORD01809,2025-10-27,20441.71,INR,0.0
ORD01810,2025-03-11,985.19,INR,0.0
ORD01811,2025-01-13,1385.47,INR,0.0
ORD01812,2025-12-31,23238.23,INR,0.0
ORD01813,2025-02-16,1537.58,INR,0.0
ORD01814,2025-12-31,20775.62,INR,0.0
ORD01815,2025-03-05,1559.34,INR,0.0
ORD01816,2025-11-21,1285.73,INR,0.0
ORD01817,2025-07-16,9801.53,INR,0.0
ORD01818,2025-11-10,15680.18,INR,0.0
ORD01819,2025-07-14,756.33,INR,0.0
ORD01820,2025-06-21,7276.24,INR,0.0
ORD01821,2025-03-18,716.91,INR,0.0
ORD01822,2025-12-31,962.09,INR,0.0
ORD01823,2025-08-17,771.04,INR,0.0
ORD01824,2025-03-09,25088.32,INR,0.0
ORD01825,2025-05-10,1246.44,INR,0.0
ORD01826,2025-09-13,2046.0,INR,0.0
ORD01827,2025-09-10,1383.29,INR,0.0
ORD01828,2025-09-01,5535.0,INR,0.0
ORD01829,2025-11-04,3957.71,INR,0.0
ORD01830,2025-10-08,1442.95,INR,0.0
ORD01831,2025-04-17,722.38,INR,0.0
ORD01832,2025-12-01,718.06,INR,0.0
ORD01833,2025-01-17,8704.12,INR,0.0
ORD01834,2025-06-02,631.55,INR,0.0
ORD01835,2025-02-25,3425.99,INR,0.0
ORD01836,2025-12-11,1491.39,INR,0.0
ORD01837,2025-12-25,8298.46,INR,0.0
ORD01838,2025-04-01,43733.37,INR,0.0
ORD01839,2025-07-04,11396.89,INR,0.0
ORD01840,2025-06-03,1846.29,INR,0.0
ORD01841,2025-02-04,22649.64,INR,0.0
ORD01842,2025-02-03,701.82,INR,0.0
ORD01843,2025-12-22,14938.13,INR,0.0
ORD01844,2025-07-31,7566.64,INR,0.0
ORD01845,2025-11-10,1357.05,INR,0.0
ORD01846,2025-11-19,2701.36,INR,0.0
ORD01847,2025-12-19,8305.48,INR,0.0
ORD01848,2025-12-28,1413.27,INR,0.0
ORD01849,2025-06-12,1362.71,INR,0.0
ORD01850,2025-11-16,694.57,INR,0.0
ORD01851,2025-10-16,7833.48,INR,0.0
ORD01852,2025-09-12,3439.26,INR,0.0
ORD01853,2025-11-09,935.73,INR,0.0
ORD01854,2025-04-10,535.98,INR,0.0
ORD01855,2025-11-17,21062.03,INR,0.0
ORD01856,2025-04-17,24984.81,INR,0.0
ORD01857,2025-07-31,1024.48,INR,0.0
ORD01858,2025-11-23,1460.93,INR,0.0
ORD01859,2025-12-20,1685.29,INR,0.0
ORD01860,2025-06-07,1324.99,INR,0.0
ORD01861,2025-01-04,999.92,INR,0.0
ORD01862,2025-07-22,6927.95,INR,0.0
ORD01863,2025-01-15,12910.23,INR,0.0
ORD01864,2025-06-23,17186.62,INR,0.0
ORD01865,2025-08-31,19684.78,INR,0.0
ORD01866,2025-09-04,1190.93,INR,0.0
ORD01867,2025-10-02,16937.05,INR,0.0
ORD01868,2025-07-31,10840.33,INR,0.0
ORD01869,2025-09-24,1587.45,INR,0.0
ORD01870,2025-06-11,2149.75,INR,0.0
ORD01871,2025-10-23,8396.28,INR,0.0
ORD01872,2025-07-01,723.96,INR,0.0
ORD01873,2025-01-16,1062.86,INR,0.0
ORD01874,2025-10-01,18564.72,INR,0.0
ORD01875,2025-07-19,675.27,INR,0.0
ORD01876,2025-06-07,4516.0,INR,0.0
ORD01877,2025-01-17,630.2,INR,0.0
ORD01878,2025-05-02,1744.19,INR,0.0
ORD01879,2025-06-04,953.48,INR,0.0
ORD01880,2025-02-27,556.09,INR,0.0
ORD01881,2025-04-14,16656.61,INR,0.0
ORD01882,2025-01-13,23574.34,INR,0.0
ORD01883,2025-03-20,1885.46,INR,0.0
ORD01884,2025-09-26,991.01,INR,0.0
ORD01885,2025-02-20,24070.36,INR,0.0
ORD01886,2025-12-13,30129.68,INR,0.0
ORD01887,2025-01-19,7709.42,INR,0.0
ORD01888,2025-09-25,966.47,INR,0.0
ORD01889,2025-01-23,6754.3,INR,0.0
ORD01890,2025-02-14,1833.78,INR,0.0
ORD01891,2025-02-22,7271.87,INR,0.0
ORD01892,2025-06-09,1637.74,INR,0.0
ORD01893,2025-11-24,14813.21,INR,0.0
ORD01894,2025-04-09,1298.41,INR,0.0
ORD01895,2025-08-14,4181.23,INR,0.0
ORD01896,2025-03-22,522.89,INR,0.0
ORD01897,2025-11-15,2819.0,INR,0.0
ORD01898,2025-10-05,977.73,INR,0.0
ORD01899,2025-03-14,22060.04,INR,0.0
ORD01900,2025-10-21,606.86,INR,0.0
ORD01901,2025-11-10,18108.66,INR,0.0
ORD01902,2025-01-26,1206.1,INR,0.0
ORD01903,2025-12-12,1075.4,INR,0.0
ORD01904,2025-02-14,3431.86,INR,0.0
ORD01905,2025-11-02,19442.06,INR,0.0
ORD01906,2025-12-20,6930.52,INR,0.0
ORD01907,2025-06-09,797.22,INR,0.0
ORD01908,2025-12-10,11178.18,INR,0.0
ORD01909,2025-08-27,2743.33,INR,0.0
ORD01910,2025-12-24,5644.67,INR,0.0
ORD01911,2025-12-17,8131.95,INR,0.0
ORD01912,2025-08-29,835.69,INR,0.0
ORD01913,2025-11-12,1045.17,INR,0.0
ORD01914,2025-04-04,7321.44,INR,0.0
ORD01915,2025-06-16,2242.11,INR,0.0
ORD01916,2025-09-01,1217.98,INR,0.0
ORD01917,2025-03-29,1022.92,INR,0.0
ORD01918,2025-10-22,654.4,INR,0.0
ORD01919,2025-02-24,1474.18,INR,0.0
ORD01920,2025-06-04,5206.53,INR,0.0
ORD01921,2025-07-31,865.54,INR,0.0
ORD01922,2025-03-23,34595.41,INR,0.0
ORD01923,2025-06-24,1541.09,INR,0.0
ORD01924,2025-08-09,16530.31,INR,0.0
ORD01925,2025-06-25,3889.23,INR,0.0
ORD01926,2025-12-06,7914.94,INR,0.0
ORD01927,2025-12-31,5893.04,INR,0.0
ORD01928,2025-10-31,4603.02,INR,0.0
ORD01929,2025-02-19,12642.61,INR,0.0
ORD01930,2025-07-27,663.12,INR,0.0
ORD01931,2025-11-02,15683.67,INR,0.0
ORD01932,2025-09-11,2491.86,INR,0.0
ORD01933,2025-04-22,23308.92,INR,0.0
ORD01934,2025-11-22,21356.17,INR,0.0
ORD01935,2025-12-05,1296.88,INR,0.0
ORD01936,2025-07-19,5577.28,INR,0.0
ORD01937,2025-04-16,4532.78,INR,0.0
ORD01938,2025-10-19,20193.38,INR,0.0
ORD01939,2025-08-11,9320.94,INR,0.0
ORD01940,2025-02-15,6891.93,INR,0.0
ORD01941,2025-09-19,3020.45,INR,0.0
ORD01942,2025-05-31,1851.61,INR,0.0
ORD01943,2025-01-28,1340.05,INR,0.0
ORD01944,2025-07-03,923.31,INR,0.0
ORD01945,2025-01-16,1553.33,INR,0.0
ORD01946,2025-07-21,7694.19,INR,0.0
ORD01947,2025-07-27,1317.68,INR,0.0
ORD01948,2025-12-06,708.6,INR,0.0
ORD01949,2025-10-12,1886.72,INR,0.0
ORD01950,2025-08-02,1996.18,INR,0.0
ORD01951,2025-12-10,517.4,INR,0.0
ORD01952,2025-11-28,1582.01,INR,0.0
ORD01953,2025-09-07,9799.8,INR,0.0
ORD01954,2025-03-11,1463.36,INR,0.0
ORD01955,2025-08-01,23403.74,INR,0.0
ORD01956,2025-12-23,5405.63,INR,0.0
ORD01957,2025-04-03,5393.0,INR,0.0
ORD01958,2025-08-19,838.61,INR,0.0
ORD01959,2025-08-06,6623.51,INR,0.0
ORD01960,2025-05-02,4154.0,INR,0.0
ORD01961,2025-10-07,2267.7,INR,0.0
ORD01962,2025-01-20,7639.06,INR,0.0
ORD01963,2025-02-27,9693.9,INR,0.0
ORD01964,2025-02-10,1596.94,INR,0.0
ORD01965,2025-05-24,2625.88,INR,0.0
ORD01966,2025-11-09,1208.68,INR,0.0
ORD01967,2025-12-06,26952.05,INR,0.0
ORD01968,2025-11-21,6637.03,INR,0.0
ORD01969,2025-11-10,1015.32,INR,0.0
ORD01970,2025-01-06,6101.3,INR,0.0
ORD01971,2025-08-29,4652.11,INR,0.0
ORD01972,2025-06-30,44955.58,INR,0.0
ORD01973,2025-05-29,1542.58,INR,0.0
ORD01974,2025-11-02,7815.77,INR,0.0
ORD01975,2025-10-16,1443.95,INR,0.0
ORD01976,2025-10-24,577.43,INR,0.0
ORD01977,2025-05-30,19364.76,INR,0.0
ORD01978,2025-05-27,3014.57,INR,0.0
ORD01979,2025-02-09,14167.73,INR,0.0
ORD01980,2025-03-09,4201.74,INR,0.0
ORD01981,2025-05-12,667.32,INR,0.0
ORD01982,2025-03-31,21084.51,INR,0.0
ORD01983,2025-12-04,8462.73,INR,0.0
ORD01984,2025-05-14,13542.94,INR,0.0
ORD01985,2025-04-03,22930.22,INR,0.0
ORD01986,2025-06-25,49183.64,INR,0.0
ORD01987,2025-11-01,12312.25,INR,0.0
ORD01988,2025-09-11,16194.22,INR,0.0
ORD01989,2025-07-16,1160.28,INR,0.0
ORD01990,2025-11-23,1366.64,INR,0.0
ORD01991,2025-06-26,896.59,INR,0.0
ORD01992,2025-03-01,1196.02,INR,0.0
ORD01993,2025-09-01,1619.23,INR,0.0
ORD01994,2025-09-30,1525.26,INR,0.0
ORD01995,2025-07-19,3161.2,INR,0.0
ORD01996,2025-08-11,1890.83,INR,0.0
ORD01997,2025-08-18,973.53,INR,0.0
ORD01998,2025-09-29,2328.14,INR,0.0
ORD01999,2025-09-30,9649.47,INR,0.0
ORD02000,2025-08-10,7216.53,INR,0.0
ORD02001,2025-05-20,900.63,INR,0.0
ORD02002,2025-02-20,1376.27,INR,0.0
ORD02003,2025-08-25,21236.36,INR,0.0
ORD02004,2025-12-11,3559.41,INR,0.0
ORD02005,2025-06-22,9945.72,INR,0.0
ORD02006,2025-06-10,7382.41,INR,0.0
ORD02007,2025-02-04,646.55,INR,0.0
ORD02008,2025-02-23,4812.13,INR,0.0
ORD02009,2025-05-26,551.06,INR,0.0
ORD02010,2025-11-14,1907.76,INR,0.0
ORD02011,2025-12-03,13252.37,INR,0.0
ORD02012,2025-11-03,7664.6,INR,0.0
ORD02013,2025-03-03,1407.03,INR,0.0
ORD02014,2025-07-12,9199.18,INR,0.0
ORD02015,2025-10-17,12771.53,INR,0.0
ORD02016,2025-02-26,4026.69,INR,0.0
ORD02017,2025-08-28,2605.71,INR,0.0
ORD02018,2025-08-21,14145.75,INR,0.0
ORD02019,2025-08-07,7340.63,INR,0.0
ORD02020,2025-06-15,1671.1,INR,0.0
ORD02021,2025-05-22,15741.99,INR,0.0
ORD02022,2025-06-20,31455.97,INR,0.0
ORD02023,2025-05-16,604.1,INR,0.0
ORD02024,2025-04-13,3427.54,INR,0.0
ORD02025,2025-09-09,1310.95,INR,0.0
ORD02026,2025-08-09,1465.01,INR,0.0
ORD02027,2025-08-15,2826.3,INR,0.0
ORD02028,2025-02-07,1591.32,INR,0.0
ORD02029,2025-08-17,1246.55,INR,0.0
ORD02030,2025-12-01,9463.15,INR,0.0
ORD02031,2025-12-07,727.41,INR,0.0
ORD02032,2025-06-18,18619.6,INR,0.0
ORD02033,2025-09-21,8167.93,INR,0.0
ORD02034,2025-09-02,8752.39,INR,0.0
ORD02035,2025-02-05,2026.46,INR,0.0
ORD02036,2025-12-19,17231.0,INR,0.0
ORD02037,2025-10-18,9932.81,INR,0.0
ORD02038,2025-06-20,5204.92,INR,0.0
ORD02039,2025-11-20,41176.86,INR,0.0
ORD02040,2025-07-07,9687.4,INR,0.0
ORD02041,2025-02-11,21406.8,INR,0.0
ORD02042,2025-05-29,3412.95,INR,0.0
ORD02043,2025-01-21,41518.35,INR,0.0
ORD02044,2025-06-03,9171.69,INR,0.0
ORD02045,2025-11-19,5892.03,INR,0.0
ORD02046,2025-11-20,3515.72,INR,0.0
ORD02047,2025-01-19,1579.61,INR,0.0
ORD02048,2025-10-31,1083.15,INR,0.0
ORD02049,2025-10-04,5997.47,INR,0.0
ORD02050,2025-08-19,25410.46,INR,0.0
ORD02051,2025-06-23,1681.67,INR,0.0
ORD02052,2025-01-22,3693.43,INR,0.0
ORD02053,2025-12-01,5666.96,INR,0.0
ORD02054,2025-12-14,18048.42,INR,0.0
ORD02055,2025-10-24,608.05,INR,0.0
ORD02056,2025-03-14,2152.5,INR,0.0
ORD02057,2025-11-13,1551.95,INR,0.0
ORD02058,2025-03-08,1448.99,INR,0.0
ORD02059,2025-06-07,11459.38,INR,0.0
ORD02060,2025-11-09,1386.56,INR,0.0
ORD02061,2025-02-24,1392.47,INR,0.0
ORD02062,2025-11-12,1706.68,INR,0.0
ORD02063,2025-08-07,1753.84,INR,0.0
ORD02064,2025-12-14,2966.42,INR,0.0
ORD02065,2025-12-17,3098.64,INR,0.0
ORD02066,2025-04-20,18896.28,INR,0.0
ORD02067,2025-06-21,910.84,INR,0.0
ORD02068,2025-08-01,1054.89,INR,0.0
ORD02069,2025-03-26,9405.4,INR,0.0
ORD02070,2025-01-21,1686.58,INR,0.0
ORD02071,2025-11-20,8221.29,INR,0.0
ORD02072,2025-01-09,11210.84,INR,0.0
ORD02073,2025-01-04,633.71,INR,0.0
ORD02074,2025-11-30,4269.85,INR,0.0
ORD02075,2025-12-22,21588.44,INR,0.0
ORD02076,2025-12-21,714.63,INR,0.0
ORD02077,2025-05-19,5296.25,INR,0.0
ORD02078,2025-03-31,2300.97,INR,0.0
ORD02079,2025-04-03,6896.4,INR,0.0
ORD02080,2025-02-15,8260.66,INR,0.0
ORD02081,2025-06-28,6461.68,INR,0.0
ORD02082,2025-04-09,1295.3,INR,0.0
ORD02083,2025-02-18,8901.85,INR,0.0
ORD02084,2025-10-04,5713.73,INR,0.0
ORD02085,2025-11-17,4211.41,INR,0.0
ORD02086,2025-04-10,723.83,INR,0.0
ORD02087,2025-08-31,3278.08,INR,0.0
ORD02088,2025-01-23,1046.29,INR,0.0
ORD02089,2025-04-18,4674.36,INR,0.0
ORD02090,2025-08-21,1610.63,INR,0.0
ORD02091,2025-10-03,1678.24,INR,0.0
ORD02092,2025-09-06,2566.88,INR,0.0
ORD02093,2025-05-01,6741.65,INR,0.0
ORD02094,2025-06-16,7976.69,INR,0.0
ORD02095,2025-06-16,665.2,INR,0.0
ORD02096,2025-04-27,1606.62,INR,0.0
ORD02097,2025-04-13,830.99,INR,0.0
ORD02098,2025-08-30,2434.71,INR,0.0
ORD02099,2025-08-12,1891.83,INR,0.0
ORD02100,2025-08-21,1060.23,INR,0.0
ORD02101,2025-08-23,7056.17,INR,0.0
ORD02102,2025-05-19,690.82,INR,0.0
ORD02103,2025-12-21,4244.83,INR,0.0
ORD02104,2025-02-26,16878.68,INR,0.0
ORD02105,2025-03-29,13297.8,INR,0.0
ORD02106,2025-06-01,8316.38,INR,0.0
ORD02107,2025-11-23,47639.45,INR,0.0
ORD02108,2025-10-23,46375.1,INR,0.0
ORD02109,2025-02-14,6174.15,INR,0.0
ORD02110,2025-04-21,8695.91,INR,0.0
ORD02111,2025-05-23,1142.17,INR,0.0
ORD02112,2025-05-07,1151.37,INR,0.0
ORD02113,2025-04-24,18876.57,INR,0.0
ORD02114,2025-03-18,23473.78,INR,0.0
ORD02115,2025-08-02,26001.47,INR,0.0
ORD02116,2025-08-29,6033.73,INR,0.0
ORD02117,2025-08-06,5834.15,INR,0.0
ORD02118,2025-12-23,16786.62,INR,0.0
ORD02119,2025-05-04,1629.62,INR,0.0
ORD02120,2025-12-21,9599.47,INR,0.0
ORD02121,2025-03-09,858.59,INR,0.0
ORD02122,2025-02-16,1503.55,INR,0.0
ORD02123,2025-03-24,8863.38,INR,0.0
ORD02124,2025-10-26,1182.26,INR,0.0
ORD02125,2025-03-12,16080.41,INR,0.0
ORD02126,2025-07-09,7631.22,INR,0.0
ORD02127,2025-01-01,11060.48,INR,0.0
ORD02128,2025-12-20,549.07,INR,0.0
ORD02129,2025-08-07,20470.82,INR,0.0
ORD02130,2025-11-10,8355.83,INR,0.0
ORD02131,2025-12-17,1821.27,INR,0.0
ORD02132,2025-01-29,9280.03,INR,0.0
ORD02133,2025-07-06,11664.5,INR,0.0
ORD02134,2025-07-07,2326.99,INR,0.0
ORD02135,2025-07-07,1338.19,INR,0.0
ORD02136,2025-02-04,8188.6,INR,0.0
ORD02137,2025-03-12,30965.82,INR,0.0
ORD02138,2025-02-28,7899.04,INR,0.0
ORD02139,2025-10-25,20542.65,INR,0.0
ORD02140,2025-04-26,1846.9,INR,0.0
ORD02141,2025-09-15,4217.16,INR,0.0
ORD02142,2025-02-02,1178.62,INR,0.0
ORD02143,2025-09-14,2981.68,INR,0.0
ORD02144,2025-12-30,8603.03,INR,0.0
ORD02145,2025-05-30,4945.17,INR,0.0
ORD02146,2025-12-11,22131.94,INR,0.0
ORD02147,2025-02-03,1825.97,INR,0.0
ORD02148,2025-02-14,1846.92,INR,0.0
ORD02149,2025-05-28,26923.68,INR,0.0
ORD02150,2025-03-26,1545.62,INR,0.0
ORD02151,2025-09-12,806.38,INR,0.0
ORD02152,2025-11-18,1124.8,INR,0.0
ORD02153,2025-12-16,3056.22,INR,0.0
ORD02154,2025-06-27,7901.67,INR,0.0
ORD02155,2025-01-11,594.42,INR,0.0
ORD02156,2025-04-29,17794.31,INR,0.0
ORD02157,2025-06-21,4742.34,INR,0.0
ORD02158,2025-11-27,17292.23,INR,0.0
ORD02159,2025-12-07,8735.26,INR,0.0
ORD02160,2025-08-16,6538.01,INR,0.0
ORD02161,2025-06-06,890.01,INR,0.0
ORD02162,2025-09-05,932.22,INR,0.0
ORD02163,2025-01-25,926.57,INR,0.0
ORD02164,2025-03-27,3286.32,INR,0.0
ORD02165,2025-10-02,1959.81,INR,0.0
ORD02166,2025-12-29,7330.85,INR,0.0
ORD02167,2025-03-20,675.38,INR,0.0
ORD02168,2025-06-12,5527.11,INR,0.0
ORD02169,2025-07-09,1343.73,INR,0.0
ORD02170,2025-01-18,9824.18,INR,0.0
ORD02171,2025-03-17,1309.8,INR,0.0
ORD02172,2025-03-25,2971.92,INR,0.0
ORD02173,2025-01-13,5995.34,INR,0.0
ORD02174,2025-03-16,23917.17,INR,0.0
ORD02175,2025-03-21,1607.74,INR,0.0
ORD02176,2025-09-17,1558.18,INR,0.0
ORD02177,2025-08-31,24544.08,INR,0.0
ORD02178,2025-10-21,8396.61,INR,0.0
ORD02179,2025-08-15,668.47,INR,0.0
ORD02180,2025-09-03,12091.35,INR,0.0
ORD02181,2025-10-10,537.19,INR,0.0
ORD02182,2025-11-13,16689.59,INR,0.0
ORD02183,2025-02-17,1412.23,INR,0.0
ORD02184,2025-04-10,3777.15,INR,0.0
ORD02185,2025-05-23,625.38,INR,0.0
ORD02186,2025-08-17,9660.99,INR,0.0
ORD02187,2025-09-20,1235.7,INR,0.0
ORD02188,2025-11-05,9547.22,INR,0.0
ORD02189,2025-12-08,721.92,INR,0.0
ORD02190,2025-08-07,1059.25,INR,0.0
ORD02191,2025-05-26,962.13,INR,0.0
ORD02192,2025-08-17,11313.98,INR,0.0
ORD02193,2025-08-16,5324.88,INR,0.0
ORD02194,2025-08-15,1708.51,INR,0.0
ORD02195,2025-08-06,5313.55,INR,0.0
ORD02196,2025-10-28,3149.11,INR,0.0
ORD02197,2025-06-05,8940.21,INR,0.0
ORD02198,2025-06-21,1940.14,INR,0.0
ORD02199,2025-07-12,1114.19,INR,0.0
ORD02200,2025-05-20,6446.51,INR,0.0
ORD02201,2025-12-30,9318.98,INR,0.0
ORD02202,2025-04-13,1072.65,INR,0.0
ORD02203,2025-10-11,8582.39,INR,0.0
ORD02204,2025-06-04,14558.72,INR,0.0
ORD02205,2025-10-14,3796.16,INR,0.0
ORD02206,2025-01-02,950.25,INR,0.0
ORD02207,2025-11-24,17088.12,INR,0.0
ORD02208,2025-12-01,4301.51,INR,0.0
ORD02209,2025-04-02,7502.75,INR,0.0
ORD02210,2025-05-06,1647.08,INR,0.0
ORD02211,2025-09-10,26668.12,INR,0.0
ORD02212,2025-07-05,6524.6,INR,0.0
ORD02213,2025-05-13,5808.33,INR,0.0
ORD02214,2025-12-22,15598.03,INR,0.0
ORD02215,2025-10-22,889.31,INR,0.0
ORD02216,2025-10-25,979.52,INR,0.0
ORD02217,2025-12-21,744.96,INR,0.0
ORD02218,2025-05-20,1454.37,INR,0.0
ORD02219,2025-07-02,937.5,INR,0.0
ORD02220,2025-11-24,17708.0,INR,0.0
ORD02221,2025-11-18,641.76,INR,0.0
ORD02222,2025-03-27,8979.55,INR,0.0
ORD02223,2025-12-17,14071.88,INR,0.0
ORD02224,2025-12-24,2766.67,INR,0.0
ORD02225,2025-10-24,715.58,INR,0.0
ORD02226,2025-03-12,4984.11,INR,0.0
ORD02227,2025-09-06,9367.26,INR,0.0
ORD02228,2025-03-25,731.83,INR,0.0
ORD02229,2025-04-24,21926.6,INR,0.0
ORD02230,2025-10-14,8651.33,INR,0.0
ORD02231,2025-09-27,20688.21,INR,0.0
ORD02232,2025-12-26,11709.5,INR,0.0
ORD02233,2025-08-24,11748.48,INR,0.0
ORD02234,2025-03-09,17192.77,INR,0.0
ORD02235,2025-06-09,3112.11,INR,0.0
ORD02236,2025-08-15,18964.73,INR,0.0
ORD02237,2025-06-25,957.03,INR,0.0
ORD02238,2025-03-02,1785.22,INR,0.0
ORD02239,2025-03-14,4459.43,INR,0.0
ORD02240,2025-04-18,617.91,INR,0.0
ORD02241,2025-12-20,11675.83,INR,0.0
ORD02242,2025-01-10,21360.01,INR,0.0
ORD02243,2025-01-22,549.19,INR,0.0
ORD02244,2025-12-04,2474.12,INR,0.0
ORD02245,2025-03-02,10649.22,INR,0.0
ORD02246,2025-06-04,8036.4,INR,0.0
ORD02247,2025-03-05,13081.02,INR,0.0
ORD02248,2025-04-13,1027.3,INR,0.0
ORD02249,2025-02-16,1619.3,INR,0.0
ORD02250,2025-05-23,15217.55,INR,0.0
ORD02251,2025-03-24,21712.03,INR,0.0
ORD02252,2025-11-10,1355.35,INR,0.0
ORD02253,2025-02-20,21448.66,INR,0.0
ORD02254,2025-09-28,787.32,INR,0.0
ORD02255,2025-05-25,1631.03,INR,0.0
ORD02256,2025-01-03,27467.14,INR,0.0
ORD02257,2025-04-20,22769.45,INR,0.0
ORD02258,2025-09-01,1384.07,INR,0.0
ORD02259,2025-08-14,2858.6,INR,0.0
ORD02260,2025-07-01,35602.3,INR,0.0
ORD02261,2025-09-21,669.27,INR,0.0
ORD02262,2025-06-10,665.47,INR,0.0
ORD02263,2025-03-11,4890.0,INR,0.0
ORD02264,2025-05-28,2324.87,INR,0.0
ORD02265,2025-06-17,5078.25,INR,0.0
ORD02266,2025-08-22,4496.06,INR,0.0
ORD02267,2025-08-16,1110.92,INR,0.0
ORD02268,2025-08-08,604.41,INR,0.0
ORD02269,2025-09-01,15511.62,INR,0.0
ORD02270,2025-01-07,37291.21,INR,0.0
ORD02271,2025-02-23,1283.99,INR,0.0
ORD02272,2025-12-13,715.05,INR,0.0
ORD02273,2025-07-25,9820.57,INR,0.0
ORD02274,2025-03-28,1962.81,INR,0.0
ORD02275,2025-06-23,1766.04,INR,0.0
ORD02276,2025-07-26,1757.16,INR,0.0
ORD02277,2025-09-13,1570.24,INR,0.0
ORD02278,2025-10-25,8050.42,INR,0.0
ORD02279,2025-11-26,15341.46,INR,0.0
ORD02280,2025-12-08,5235.55,INR,0.0
ORD02281,2025-09-06,3178.99,INR,0.0
ORD02282,2025-08-21,876.03,INR,0.0
ORD02283,2025-09-12,1913.6,INR,0.0
ORD02284,2025-01-16,579.28,INR,0.0
ORD02285,2025-02-04,2213.99,INR,0.0
ORD02286,2025-04-02,1518.81,INR,0.0
ORD02287,2025-03-20,1434.85,INR,0.0
ORD02288,2025-02-09,6159.59,INR,0.0
ORD02289,2025-09-10,13028.98,INR,0.0
ORD02290,2025-12-05,6038.36,INR,0.0
ORD02291,2025-10-05,1789.51,INR,0.0
ORD02292,2025-10-07,1645.95,INR,0.0
ORD02293,2025-08-09,11787.01,INR,0.0
ORD02294,2025-08-19,1064.5,INR,0.0
ORD02295,2025-08-24,765.3,INR,0.0
ORD02296,2025-12-04,14545.67,INR,0.0
ORD02297,2025-12-28,1146.02,INR,0.0
ORD02298,2025-06-09,5899.64,INR,0.0
ORD02299,2025-02-26,5924.43,INR,0.0
ORD02300,2025-10-11,6577.68,INR,0.0
ORD02301,2025-09-01,3250.49,INR,0.0
ORD02302,2025-01-29,1242.04,INR,0.0
ORD02303,2025-07-13,4822.11,INR,0.0
ORD02304,2025-05-26,542.22,INR,0.0
ORD02305,2025-01-24,1049.62,INR,0.0
ORD02306,2025-10-26,1837.01,INR,0.0
ORD02307,2025-06-24,1142.22,INR,0.0
ORD02308,2025-07-02,2451.59,INR,0.0
ORD02309,2025-05-06,1472.12,INR,0.0
ORD02310,2025-10-31,1531.99,INR,0.0
ORD02311,2025-06-06,754.67,INR,0.0
ORD02312,2025-10-03,1191.36,INR,0.0
ORD02313,2025-08-05,9211.28,INR,0.0
ORD02314,2025-05-17,1204.55,INR,0.0
ORD02315,2025-01-12,34443.44,INR,0.0
ORD02316,2025-07-19,646.59,INR,0.0
ORD02317,2025-09-08,1512.67,INR,0.0
ORD02318,2025-06-22,8491.66,INR,0.0
ORD02319,2025-12-08,1422.24,INR,0.0
ORD02320,2025-07-06,30043.97,INR,0.0
ORD02321,2025-11-22,21807.24,INR,0.0
ORD02322,2025-10-02,897.73,INR,0.0
ORD02323,2025-06-02,35050.68,INR,0.0
ORD02324,2025-04-26,9663.53,INR,0.0
ORD02325,2025-10-24,1005.26,INR,0.0
ORD02326,2025-02-04,6248.51,INR,0.0
ORD02327,2025-08-07,1693.48,INR,0.0
ORD02328,2025-11-30,17569.59,INR,0.0
ORD02329,2025-06-03,6319.58,INR,0.0
ORD02330,2025-04-13,4010.12,INR,0.0
ORD02331,2025-09-21,8107.54,INR,0.0
ORD02332,2025-04-03,19417.66,INR,0.0
ORD02333,2025-09-22,18652.65,INR,0.0
ORD02334,2025-04-20,8591.26,INR,0.0
ORD02335,2025-08-28,1456.89,INR,0.0
ORD02336,2025-11-11,23602.54,INR,0.0
ORD02337,2025-10-17,2479.05,INR,0.0
ORD02338,2025-04-13,721.62,INR,0.0
ORD02339,2025-03-19,8124.24,INR,0.0
ORD02340,2025-08-11,8881.49,INR,0.0
ORD02341,2025-02-02,8767.74,INR,0.0
ORD02342,2025-05-17,19690.64,INR,0.0
ORD02343,2025-05-12,3889.04,INR,0.0
ORD02344,2025-05-03,787.87,INR,0.0
ORD02345,2025-05-06,14658.11,INR,0.0
ORD02346,2025-09-06,5489.06,INR,0.0
ORD02347,2025-11-28,13029.86,INR,0.0
ORD02348,2025-05-20,887.6,INR,0.0
ORD02349,2025-05-23,3407.88,INR,0.0
ORD02350,2025-01-22,37146.05,INR,0.0
ORD02351,2025-01-11,1844.76,INR,0.0
ORD02352,2025-06-10,8937.37,INR,0.0
ORD02353,2025-07-28,20075.08,INR,0.0
ORD02354,2025-02-16,1759.72,INR,0.0
ORD02355,2025-03-13,1356.46,INR,0.0
ORD02356,2025-09-14,17829.36,INR,0.0
ORD02357,2025-10-25,23973.33,INR,0.0
ORD02358,2025-05-09,2721.99,INR,0.0
ORD02359,2025-11-04,1710.03,INR,0.0
ORD02360,2025-06-18,21058.55,INR,0.0
ORD02361,2025-05-01,13270.13,INR,0.0
ORD02362,2025-02-24,1954.89,INR,0.0
ORD02363,2025-08-14,8903.2,INR,0.0
ORD02364,2025-01-29,4997.64,INR,0.0
ORD02365,2025-02-27,1135.67,INR,0.0
ORD02366,2025-12-16,916.6,INR,0.0
ORD02367,2025-03-16,1573.51,INR,0.0
ORD02368,2025-06-07,1950.21,INR,0.0
ORD02369,2025-11-07,1609.17,INR,0.0
ORD02370,2025-01-28,8310.42,INR,0.0
ORD02371,2025-05-03,1077.04,INR,0.0
ORD02372,2025-11-24,34071.38,INR,0.0
ORD02373,2025-12-17,1800.43,INR,0.0
ORD02374,2025-08-15,1864.68,INR,0.0
ORD02375,2025-07-21,23768.9,INR,0.0
ORD02376,2025-06-04,1734.06,INR,0.0
ORD02377,2025-05-01,1789.13,INR,0.0
ORD02378,2025-03-24,19470.29,INR,0.0
ORD02379,2025-11-26,2271.05,INR,0.0
ORD02380,2025-02-11,24107.43,INR,0.0
ORD02381,2025-08-30,9411.98,INR,0.0
ORD02382,2025-06-20,9014.09,INR,0.0
ORD02383,2025-02-21,20477.23,INR,0.0
ORD02384,2025-09-17,1131.31,INR,0.0
ORD02385,2025-10-08,5626.09,INR,0.0
ORD02386,2025-01-15,19620.59,INR,0.0
ORD02387,2025-04-05,8328.15,INR,0.0
ORD02388,2025-03-11,800.11,INR,0.0
ORD02389,2025-06-06,623.35,INR,0.0
ORD02390,2025-03-22,1570.35,INR,0.0
ORD02391,2025-11-29,22704.41,INR,0.0
ORD02392,2025-12-18,9515.35,INR,0.0
ORD02393,2025-08-20,7881.38,INR,0.0
ORD02394,2025-05-14,1389.53,INR,0.0
ORD02395,2025-06-17,12979.96,INR,0.0
ORD02396,2025-08-01,1090.24,INR,0.0
ORD02397,2025-07-13,23265.12,INR,0.0
ORD02398,2025-04-25,534.46,INR,0.0
ORD02399,2025-10-13,7013.02,INR,0.0
ORD02400,2025-02-15,29956.66,INR,0.0
ORD02401,2025-12-26,10746.74,INR,0.0
ORD02402,2025-11-13,4081.26,INR,0.0
ORD02403,2025-02-15,29253.07,INR,0.0
ORD02404,2025-10-18,1577.88,INR,0.0
ORD02405,2025-08-11,23924.27,INR,0.0
ORD02406,2025-12-11,3795.87,INR,0.0
ORD02407,2025-04-15,1792.91,INR,0.0
ORD02408,2025-05-17,1241.25,INR,0.0
ORD02409,2025-03-08,3652.85,INR,0.0
ORD02410,2025-04-21,32074.18,INR,0.0
ORD02411,2025-12-13,770.55,INR,0.0
ORD02412,2025-03-16,1964.19,INR,0.0
ORD02413,2025-05-01,9258.63,INR,0.0
ORD02414,2025-07-09,7177.88,INR,0.0
ORD02415,2025-02-13,699.81,INR,0.0
ORD02416,2025-06-15,34938.87,INR,0.0
ORD02417,2025-04-19,7667.63,INR,0.0
ORD02418,2025-11-02,642.92,INR,0.0
ORD02419,2025-01-31,1896.6,INR,0.0
ORD02420,2025-08-30,24951.09,INR,0.0
ORD02421,2025-12-10,39955.8,INR,0.0
ORD02422,2025-01-24,1256.81,INR,0.0
ORD02423,2025-07-15,1092.05,INR,0.0
ORD02424,2025-07-09,1838.34,INR,0.0
ORD02425,2025-01-22,4082.33,INR,0.0
ORD02426,2025-09-15,4713.41,INR,0.0
ORD02427,2025-08-28,975.98,INR,0.0
ORD02428,2025-09-29,4083.25,INR,0.0
ORD02429,2025-06-10,691.81,INR,0.0
ORD02430,2025-05-24,9409.9,INR,0.0
ORD02431,2025-05-25,13948.25,INR,0.0
ORD02432,2025-05-16,5486.2,INR,0.0
ORD02433,2025-03-26,1991.85,INR,0.0
ORD02434,2025-03-19,9382.82,INR,0.0
ORD02435,2025-11-22,10798.33,INR,0.0
ORD02436,2025-03-18,774.71,INR,0.0
ORD02437,2025-08-29,1558.94,INR,0.0
ORD02438,2025-08-12,1842.76,INR,0.0
ORD02439,2025-09-11,1034.78,INR,0.0
ORD02440,2025-12-30,5662.08,INR,0.0
ORD02441,2025-02-27,23003.19,INR,0.0
ORD02442,2025-03-05,805.6,INR,0.0
ORD02443,2025-05-26,752.44,INR,0.0
ORD02444,2025-09-18,18448.71,INR,0.0
ORD02445,2025-12-06,6668.38,INR,0.0
ORD02446,2025-01-03,6566.3,INR,0.0
ORD02447,2025-08-02,13692.36,INR,0.0
ORD02448,2025-09-13,9098.94,INR,0.0
ORD02449,2025-01-14,1972.0,INR,0.0
ORD02450,2025-03-04,1385.51,INR,0.0
ORD02451,2025-02-24,12306.63,INR,0.0
ORD02452,2025-02-11,7661.65,INR,0.0
ORD02453,2025-09-03,9641.61,INR,0.0
ORD02454,2025-11-01,4635.42,INR,0.0
ORD02455,2025-01-23,9607.17,INR,0.0
ORD02456,2025-06-16,24997.32,INR,0.0
ORD02457,2025-10-19,1794.92,INR,0.0
ORD02458,2025-11-26,1697.22,INR,0.0
ORD02459,2025-02-06,6818.33,INR,0.0
ORD02460,2025-02-17,767.02,INR,0.0
ORD02461,2025-07-24,1778.52,INR,0.0
ORD02462,2025-03-25,1103.59,INR,0.0
ORD02463,2025-11-28,19810.96,INR,0.0
ORD02464,2025-03-03,1701.65,INR,0.0
ORD02465,2025-06-08,19052.7,INR,0.0
ORD02466,2025-07-03,8656.42,INR,0.0
ORD02467,2025-09-20,1168.16,INR,0.0
ORD02468,2025-07-18,6504.46,INR,0.0
ORD02469,2025-08-05,1133.8,INR,0.0
ORD02470,2025-07-08,5472.85,INR,0.0
ORD02471,2025-08-07,1270.01,INR,0.0
ORD02472,2025-08-26,7180.88,INR,0.0
ORD02473,2025-03-21,17909.18,INR,0.0
ORD02474,2025-11-28,4325.62,INR,0.0
ORD02475,2025-08-12,1702.32,INR,0.0
ORD02476,2025-06-03,691.68,INR,0.0
ORD02477,2025-06-03,17846.38,INR,0.0
ORD02478,2025-06-01,6407.95,INR,0.0
ORD02479,2025-01-24,6085.21,INR,0.0
ORD02480,2025-07-31,1491.28,INR,0.0
ORD02481,2025-10-19,15331.86,INR,0.0
ORD02482,2025-10-27,1255.17,INR,0.0
ORD02483,2025-02-28,5703.03,INR,0.0
ORD02484,2025-04-04,10678.88,INR,0.0
ORD02485,2025-08-02,14464.71,INR,0.0
ORD02486,2025-10-28,8058.83,INR,0.0
ORD02487,2025-08-19,4120.6,INR,0.0
ORD02488,2025-04-06,617.33,INR,0.0
ORD02489,2025-11-06,1510.11,INR,0.0
ORD02490,2025-08-11,2046.78,INR,0.0
ORD02491,2025-03-01,1483.7,INR,0.0
ORD02492,2025-08-24,8950.24,INR,0.0
ORD02493,2025-11-05,4422.4,INR,0.0
ORD02494,2025-11-12,1510.7,INR,0.0
ORD02495,2025-12-20,8437.13,INR,0.0
ORD02496,2025-02-14,520.81,INR,0.0
ORD02497,2025-02-27,20440.49,INR,0.0
ORD02498,2025-04-07,13138.44,INR,0.0
ORD02499,2025-11-29,862.67,INR,0.0
ORD02500,2025-11-17,18078.74,INR,0.0
